"Table 5a - Median house price by local authority district, England and Wales, year ending September 2002 to 2024 (Â£)",,,,,,,,,,,,,,,,,,,,,,,,,,
Country/Region code,Country/Region name,Local authority code,Local authority name,Year ending Sep 2002,Year ending Sep 2003,Year ending Sep 2004,Year ending Sep 2005,Year ending Sep 2006,Year ending Sep 2007,Year ending Sep 2008,Year ending Sep 2009,Year ending Sep 2010,Year ending Sep 2011,Year ending Sep 2012,Year ending Sep 2013,Year ending Sep 2014,Year ending Sep 2015,Year ending Sep 2016,Year ending Sep 2017,Year ending Sep 2018,Year ending Sep 2019,Year ending Sep 2020,Year ending Sep 2021,Year ending Sep 2022,Year ending Sep 2023,Year ending Sep 2024
E12000001,North East,E06000001,Hartlepool,"53,000","54,972","55,000","60,000","86,000","100,000","110,000","100,000","112,500","105,000","102,500","116,000","117,000","124,250","120,000","123,000","124,000","129,950","130,000","140,000","140,000","152,000","142,500"
E12000001,North East,E06000002,Middlesbrough,"47,583","46,000","64,950","78,000","99,000","108,000","100,000","110,000","108,500","102,500","105,000","108,000","120,000","124,000","131,000","125,000","133,000","134,995","135,000","140,000","147,500","150,000","148,300"
E12000001,North East,E06000003,Redcar and Cleveland,"56,000","69,950","87,000","100,000","115,000","123,000","120,000","115,000","119,972","112,000","115,000","116,750","122,500","125,000","130,000","130,000","134,000","130,000","134,995","145,000","149,995","158,000","160,000"
E12000001,North East,E06000004,Stockton-on-Tees,"65,000","80,000","100,000","115,000","124,000","132,995","132,351","125,250","130,250","125,000","125,000","127,500","133,000","135,000","135,000","142,500","146,000","147,000","152,950","160,500","159,998","173,000","165,000"
E12000001,North East,E06000005,Darlington,"59,000","71,000","95,000","111,500","113,995","120,995","123,000","120,000","125,000","120,000","122,000","119,972","124,950","131,000","133,000","137,975","139,000","140,500","150,000","161,000","160,000","166,998","155,000"
E12000001,North East,E06000047,County Durham,"50,000","59,950","80,000","94,050","105,000","107,500","110,000","102,000","110,000","100,000","100,000","105,000","110,000","110,000","111,000","114,000","116,995","120,995","120,000","135,000","129,995","130,000","130,000"
E12000001,North East,E06000057,Northumberland,"69,000","84,950","108,000","120,000","133,000","137,000","144,000","134,000","145,000","137,525","137,000","137,000","145,825","155,000","157,500","159,950","165,000","169,000","170,000","195,000","182,750","204,950","200,000"
E12000001,North East,E08000021,Newcastle upon Tyne,"75,000","95,000","125,000","125,000","140,000","144,000","145,000","135,000","140,000","135,000","131,250","137,500","141,000","150,000","155,000","156,000","160,000","164,972","165,000","186,500","190,000","203,995","188,900"
E12000001,North East,E08000022,North Tyneside,"60,000","82,500","110,000","120,000","128,000","132,000","130,250","128,000","142,000","132,667","133,000","137,115","143,500","155,000","155,000","165,000","169,475","174,000","172,000","185,000","185,000","198,000","190,000"
E12000001,North East,E08000023,South Tyneside,"50,850","63,125","85,000","97,000","106,000","115,000","115,000","112,000","117,500","107,000","106,000","113,446","119,995","130,000","131,950","133,000","137,000","136,000","135,000","150,000","147,499","155,000","150,000"
E12000001,North East,E08000024,Sunderland,"55,625","67,500","87,600","98,500","105,000","112,000","112,000","105,000","110,000","106,000","107,902","110,000","115,000","120,000","120,000","125,000","127,000","130,000","129,000","145,500","145,000","147,000","140,000"
E12000001,North East,E08000037,Gateshead,"59,950","74,000","94,500","105,000","115,000","119,500","119,950","120,000","120,000","117,500","116,500","124,500","124,950","130,000","130,000","130,000","136,000","140,000","142,000","153,000","146,000","155,000","153,500"
E12000002,North West,E06000006,Halton,"60,000","78,000","93,500","112,000","115,000","118,000","118,000","115,000","125,000","113,000","114,950","120,000","125,000","125,000","134,950","137,000","140,000","148,000","153,166","165,000","165,000","170,000","175,000"
E12000002,North West,E06000007,Warrington,"86,775","105,000","128,950","140,000","140,000","150,000","146,972","140,000","150,000","148,995","148,000","151,000","156,000","164,000","167,000","175,000","180,000","190,000","203,000","235,000","245,000","260,000","240,000"
E12000002,North West,E06000008,Blackburn with Darwen,"43,000","49,950","66,000","78,000","86,000","98,000","104,000","97,750","98,200","92,250","97,250","97,000","99,950","105,000","104,000","107,500","120,000","122,000","125,000","145,000","140,000","155,500","143,500"
E12000002,North West,E06000009,Blackpool,"55,000","68,000","87,500","104,000","113,000","118,000","117,000","100,000","105,000","99,000","95,000","94,500","99,250","100,000","105,000","112,000","110,000","114,000","118,000","125,000","130,000","135,000","133,000"
E12000002,North West,E06000049,Cheshire East,"100,000","125,000","146,000","158,000","163,000","169,950","175,000","163,000","174,995","170,000","171,750","173,000","184,000","192,000","201,995","215,000","232,500","238,500","242,000","272,995","273,248","285,000","280,000"
E12000002,North West,E06000050,Cheshire West and Chester,"92,950","110,000","137,500","149,450","155,000","161,728","164,000","155,000","163,500","156,000","158,000","165,000","170,000","182,000","185,000","197,500","198,000","200,000","211,995","240,000","240,000","255,000","245,000"
E12000002,North West,E06000063,Cumberland,"56,000","69,000","86,000","99,200","118,000","125,000","124,950","119,950","126,250","123,000","124,950","125,000","130,000","131,000","135,000","139,995","144,000","145,000","149,000","162,500","156,000","160,000","165,000"
E12000002,North West,E06000064,Westmorland and Furness,"80,000","97,000","120,000","139,200","147,000","158,000","165,975","160,000","167,000","160,000","155,000","160,000","165,000","169,950","175,000","180,000","190,000","195,000","194,000","225,000","230,000","242,500","230,500"
E12000002,North West,E07000117,Burnley,"30,000","30,950","37,200","46,375","63,000","76,000","82,000","74,950","75,000","75,000","75,000","74,000","83,000","77,500","89,000","87,495","90,000","92,750","100,000","119,000","125,000","116,000","116,500"
E12000002,North West,E07000118,Chorley,"75,500","92,500","118,000","132,000","133,000","137,900","140,000","140,000","149,995","149,000","149,995","149,995","152,500","161,498","162,950","172,000","165,000","170,000","179,997","197,000","189,500","205,000","215,000"
E12000002,North West,E07000119,Fylde,"86,250","116,000","145,000","158,000","170,000","178,000","176,050","164,950","170,250","162,000","155,000","168,000","167,750","180,000","190,000","199,950","193,000","199,000","210,000","224,995","225,000","242,000","230,000"
E12000002,North West,E07000120,Hyndburn,"38,250","38,950","54,500","70,000","79,950","90,000","95,000","83,000","85,000","85,000","87,500","87,000","87,500","90,000","100,000","101,000","100,100","102,000","110,000","120,000","127,000","126,500","130,000"
E12000002,North West,E07000121,Lancaster,"60,000","79,950","100,000","118,500","123,500","130,000","136,000","123,000","133,995","125,000","126,500","130,500","136,000","140,000","152,000","150,750","154,500","155,000","161,000","180,000","180,000","188,000","195,000"
E12000002,North West,E07000122,Pendle,"36,000","39,000","51,000","60,000","77,000","90,000","94,000","85,000","85,000","85,000","82,000","84,750","91,250","92,000","95,250","102,500","105,000","110,000","117,500","135,000","130,000","135,000","135,000"
E12000002,North West,E07000123,Preston,"58,500","68,000","92,500","115,000","119,995","125,000","124,999","120,280","123,000","114,250","124,000","120,000","125,000","125,000","129,750","139,500","144,000","145,000","153,000","172,500","177,995","190,000","178,500"
E12000002,North West,E07000124,Ribble Valley,"88,000","115,000","158,250","164,500","173,500","183,000","188,500","160,000","174,000","185,750","175,000","182,000","192,000","198,000","207,995","215,000","215,000","230,000","238,000","253,127","260,000","269,995","260,000"
E12000002,North West,E07000125,Rossendale,"48,500","62,500","85,000","96,000","106,078","113,508","115,000","110,000","113,500","110,000","107,750","110,500","118,000","125,000","123,000","130,050","130,000","135,000","145,000","170,000","167,125","175,000","175,000"
E12000002,North West,E07000126,South Ribble,"74,500","91,150","122,950","132,500","135,000","145,000","145,000","135,000","143,950","140,000","136,000","140,000","149,995","151,000","155,000","155,000","163,000","166,000","172,995","190,000","196,998","212,000","200,000"
E12000002,North West,E07000127,West Lancashire,"84,500","103,250","130,000","138,000","147,000","158,000","158,000","155,000","165,500","150,000","160,000","162,000","165,000","168,500","179,995","180,000","185,000","192,995","189,995","220,000","210,000","230,000","230,000"
E12000002,North West,E07000128,Wyre,"74,000","92,450","119,950","135,000","140,000","148,975","145,000","140,000","142,000","135,000","135,000","135,995","135,000","140,000","145,000","150,250","154,999","155,000","167,000","185,750","185,000","200,000","186,000"
E12000002,North West,E08000001,Bolton,"55,000","60,000","80,000","98,000","110,000","120,000","119,846","109,125","110,000","107,000","105,000","108,500","113,000","119,000","124,995","127,000","132,000","137,000","145,000","164,300","175,000","182,750","189,000"
E12000002,North West,E08000002,Bury,"67,000","80,000","98,500","119,000","125,000","130,000","133,500","125,000","130,000","120,000","123,000","122,000","133,000","144,500","150,000","157,500","164,250","173,000","180,000","215,000","222,500","228,000","230,000"
E12000002,North West,E08000003,Manchester,"67,000","77,000","97,000","115,000","130,000","139,995","135,000","120,610","124,000","127,500","125,000","125,000","134,995","139,950","148,000","160,500","170,000","180,000","195,000","225,000","240,000","241,000","240,000"
E12000002,North West,E08000004,Oldham,"50,000","59,000","74,000","86,950","102,000","111,995","115,000","105,000","110,000","104,995","107,000","110,000","115,000","117,500","122,000","127,000","130,000","135,000","141,000","173,000","180,000","182,000","190,000"
E12000002,North West,E08000005,Rochdale,"53,500","63,000","80,000","94,000","100,000","113,000","112,000","100,000","110,000","105,000","110,000","115,000","120,000","123,000","125,000","127,500","130,000","140,000","146,995","170,000","176,000","185,000","187,500"
E12000002,North West,E08000006,Salford,"54,000","69,550","90,000","105,000","115,125","124,000","125,000","116,000","114,000","110,000","112,500","116,000","118,622","125,000","136,500","158,000","162,500","164,950","186,000","207,000","226,000","221,500","221,095"
E12000002,North West,E08000007,Stockport,"89,950","110,000","134,950","142,500","150,000","164,950","165,000","155,000","160,000","160,000","160,000","164,000","172,000","180,000","194,950","205,000","220,000","225,000","233,250","275,000","280,000","292,250","290,000"
E12000002,North West,E08000008,Tameside,"54,500","68,000","85,000","100,000","112,000","122,000","124,950","110,000","111,050","108,000","108,000","110,000","117,000","124,950","127,500","135,000","140,000","148,750","155,000","175,000","190,000","200,000","200,000"
E12000002,North West,E08000009,Trafford,"112,500","130,000","155,000","170,000","175,000","187,000","185,000","172,000","180,000","186,000","185,000","192,000","200,000","215,999","230,000","247,000","257,500","270,000","282,500","310,000","333,000","340,000","350,000"
E12000002,North West,E08000010,Wigan,"55,000","67,000","88,000","99,000","110,000","119,725","119,000","110,000","115,000","110,000","110,000","110,000","118,817","123,000","125,000","130,000","135,000","145,000","150,000","165,000","175,000","184,995","180,000"
E12000002,North West,E08000011,Knowsley,"58,500","67,116","93,000","114,950","117,000","119,475","117,950","107,048","111,750","106,950","106,000","110,000","110,000","119,000","120,000","128,000","133,250","150,000","159,950","169,995","172,000","188,000","180,000"
E12000002,North West,E08000012,Liverpool,"54,950","63,000","86,500","100,000","115,000","123,000","119,950","115,000","115,000","110,000","112,000","112,000","115,000","120,000","120,000","124,000","127,000","126,995","132,000","158,000","155,000","160,900","160,000"
E12000002,North West,E08000013,St. Helens,"59,950","69,950","93,500","110,000","117,000","123,000","122,000","110,000","117,500","110,000","109,000","110,000","122,000","120,000","128,000","132,500","132,000","135,000","144,000","160,000","163,000","177,250","172,000"
E12000002,North West,E08000014,Sefton,"78,000","94,000","123,500","135,000","142,500","150,000","148,685","145,000","149,000","141,000","140,000","135,000","146,000","148,000","158,500","161,250","166,250","173,000","176,000","200,000","205,000","213,500","212,500"
E12000002,North West,E08000015,Wirral,"69,000","82,000","108,000","120,000","130,000","138,000","137,000","130,000","135,000","135,000","136,150","135,000","139,950","142,000","149,950","155,000","160,000","165,000","166,000","195,000","195,000","204,000","206,000"
E12000003,Yorkshire and The Humber,E06000010,"Kingston upon Hull, City of","39,950","48,500","58,950","69,000","81,995","91,000","93,750","83,000","91,000","88,500","89,000","92,000","97,000","100,000","105,000","115,000","112,500","120,000","120,000","128,000","132,000","130,000","135,000"
E12000003,Yorkshire and The Humber,E06000011,East Riding of Yorkshire,"74,950","93,000","124,000","133,000","140,000","149,000","150,000","137,000","145,000","139,950","141,000","140,000","149,000","153,000","160,000","170,000","175,000","182,000","190,000","215,000","215,000","228,000","220,000"
E12000003,Yorkshire and The Humber,E06000012,North East Lincolnshire,"50,000","55,000","74,950","82,000","95,000","105,000","110,000","105,000","115,000","110,000","112,000","108,000","119,950","118,625","123,000","129,000","128,000","133,000","137,000","150,650","155,000","160,000","155,750"
E12000003,Yorkshire and The Humber,E06000013,North Lincolnshire,"55,995","72,500","92,500","109,995","115,000","120,000","124,500","118,872","119,950","115,000","112,750","115,000","120,000","124,995","127,500","132,500","137,500","142,500","145,000","164,000","165,000","173,750","170,000"
E12000003,Yorkshire and The Humber,E06000014,York,"105,000","131,000","145,950","161,495","167,000","177,000","179,950","163,000","173,000","175,000","177,000","180,000","190,000","210,000","216,500","227,259","235,000","243,250","250,000","275,000","295,000","300,000","305,000"
E12000003,Yorkshire and The Humber,E06000065,North Yorkshire,"94,000","123,000","148,500","165,000","170,000","181,000","180,000","169,000","176,810","180,000","176,000","176,000","180,000","190,000","197,000","207,500","213,000","217,000","228,500","255,000","260,000","270,000","260,000"
E12000003,Yorkshire and The Humber,E08000016,Barnsley,"47,350","59,950","82,000","95,000","105,000","112,000","110,975","102,000","105,000","102,000","105,000","105,000","110,000","114,950","117,000","122,000","129,995","135,000","136,000","150,000","160,000","165,000","160,000"
E12000003,Yorkshire and The Humber,E08000017,Doncaster,"50,000","66,500","89,950","102,500","110,000","116,000","117,000","107,500","115,000","110,000","110,000","110,000","118,000","124,000","125,000","130,000","128,000","131,500","139,972","155,000","162,000","165,000","165,000"
E12000003,Yorkshire and The Humber,E08000018,Rotherham,"59,500","70,000","88,000","102,000","115,000","120,000","123,000","115,000","119,995","115,000","117,995","122,500","125,000","130,000","134,950","133,245","138,000","140,000","145,900","166,998","170,000","180,000","180,000"
E12000003,Yorkshire and The Humber,E08000019,Sheffield,"67,500","83,000","105,525","114,950","124,995","129,995","129,950","123,000","130,000","124,950","125,000","124,995","131,995","138,000","140,000","150,000","157,000","160,000","169,972","182,000","190,000","209,995","205,000"
E12000003,Yorkshire and The Humber,E08000032,Bradford,"56,000","66,000","85,000","99,000","115,000","124,995","124,990","117,000","120,000","120,000","115,000","119,000","120,000","125,000","128,000","133,000","135,000","138,000","140,000","157,500","155,000","165,000","167,000"
E12000003,Yorkshire and The Humber,E08000033,Calderdale,"55,000","68,375","90,000","110,000","117,000","125,000","125,000","113,000","124,950","120,000","115,000","120,000","124,000","128,000","135,000","135,000","141,189","145,000","150,000","165,750","165,000","175,000","170,000"
E12000003,Yorkshire and The Humber,E08000034,Kirklees,"59,500","75,000","97,500","112,000","124,000","130,000","130,000","122,500","129,950","124,950","123,000","124,999","125,000","132,000","139,830","141,000","150,000","155,000","160,000","181,000","182,500","192,000","190,000"
E12000003,Yorkshire and The Humber,E08000035,Leeds,"79,000","99,000","122,000","132,500","138,000","145,000","144,725","134,995","144,000","142,000","141,000","143,500","149,000","154,950","162,500","169,950","175,000","180,000","195,000","220,000","220,000","235,000","234,500"
E12000003,Yorkshire and The Humber,E08000036,Wakefield,"62,995","81,995","98,998","114,950","119,500","125,000","126,650","119,000","125,000","120,000","119,000","120,000","125,000","129,923","136,000","145,000","152,000","156,000","160,000","180,000","186,000","192,998","190,000"
E12000004,East Midlands,E06000015,Derby,"65,000","81,950","106,000","120,000","123,000","130,000","127,000","120,000","125,000","119,950","122,725","125,000","134,000","136,500","143,000","145,430","154,950","165,000","170,000","188,000","192,750","200,000","206,500"
E12000004,East Midlands,E06000016,Leicester,"65,000","86,000","109,950","118,452","119,950","125,000","127,000","120,000","122,000","121,500","120,000","121,000","125,000","132,000","141,000","152,000","167,000","177,000","183,000","210,375","225,000","234,500","235,000"
E12000004,East Midlands,E06000017,Rutland,"129,950","156,250","180,000","191,000","204,603","210,000","219,000","200,000","220,000","205,000","207,000","209,950","215,000","233,995","240,998","250,000","261,500","269,995","297,498","307,500","300,000","335,000","355,000"
E12000004,East Midlands,E06000018,Nottingham,"63,500","83,000","96,500","107,500","113,500","110,505","108,000","100,000","100,000","98,000","97,500","99,559","107,000","112,500","120,000","130,000","135,000","140,000","148,000","168,000","178,000","190,000","190,000"
E12000004,East Midlands,E06000061,North Northamptonshire,"79,995","98,000","119,950","129,995","133,000","142,000","142,156","130,000","138,000","135,000","132,500","138,500","148,000","160,000","174,000","189,997","205,000","210,000","219,250","239,950","250,000","264,950","253,552"
E12000004,East Midlands,E06000062,West Northamptonshire,"105,000","127,000","139,998","146,950","153,000","163,000","163,500","152,000","163,849","160,000","164,000","166,500","180,000","192,500","215,000","235,000","245,000","245,750","247,000","276,000","287,500","295,000","290,000"
E12000004,East Midlands,E07000032,Amber Valley,"69,000","86,950","109,750","118,000","125,000","134,950","137,250","125,000","133,750","130,000","125,000","130,000","134,000","150,000","155,000","160,000","172,000","175,475","177,500","210,000","210,000","234,000","225,000"
E12000004,East Midlands,E07000033,Bolsover,"46,000","62,500","81,500","94,998","100,000","109,950","112,500","100,750","106,000","95,000","97,500","97,000","108,000","112,000","120,000","125,000","128,500","133,995","140,000","162,725","170,995","175,000","167,500"
E12000004,East Midlands,E07000034,Chesterfield,"59,950","75,000","98,998","115,000","120,000","125,000","125,000","115,000","122,500","119,000","119,000","125,000","125,000","130,000","135,000","142,500","150,000","152,750","164,000","184,475","185,000","190,000","185,000"
E12000004,East Midlands,E07000035,Derbyshire Dales,"120,000","138,000","170,500","195,000","200,000","221,750","202,250","185,000","212,500","205,000","201,000","210,000","218,000","224,000","234,500","250,000","249,950","269,950","267,000","295,000","320,000","330,000","310,000"
E12000004,East Midlands,E07000036,Erewash,"68,500","85,000","106,000","117,500","119,500","125,000","124,000","118,000","118,875","119,000","120,000","121,000","126,200","134,000","137,000","145,000","154,950","160,000","168,000","185,000","200,000","208,000","205,000"
E12000004,East Midlands,E07000037,High Peak,"85,000","105,000","132,000","140,000","145,852","157,000","155,000","150,000","146,000","145,000","150,000","149,500","150,000","160,000","169,000","180,000","185,000","192,000","196,000","224,995","240,000","256,000","254,000"
E12000004,East Midlands,E07000038,North East Derbyshire,"69,950","92,000","115,000","130,000","139,950","144,500","145,000","139,975","138,000","145,000","142,000","141,200","151,000","160,000","165,000","175,000","180,655","185,000","199,998","224,498","233,000","245,000","230,000"
E12000004,East Midlands,E07000039,South Derbyshire,"84,000","112,500","129,500","143,950","146,000","149,000","151,748","138,995","147,500","142,500","150,000","145,000","158,000","168,500","175,000","195,000","204,950","218,000","218,000","235,000","249,950","257,000","242,500"
E12000004,East Midlands,E07000129,Blaby,"90,000","118,850","138,000","147,000","151,950","160,000","159,950","145,000","149,000","155,000","153,000","155,000","165,000","176,000","193,000","204,850","215,000","219,975","227,000","250,500","270,000","270,500","272,500"
E12000004,East Midlands,E07000130,Charnwood,"86,500","115,000","135,000","145,000","148,000","158,000","157,500","143,000","151,250","154,625","155,525","159,950","168,950","175,000","188,000","200,000","210,000","222,500","227,000","249,500","258,000","270,000","265,000"
E12000004,East Midlands,E07000131,Harborough,"122,000","154,725","169,950","180,000","186,000","198,000","194,850","174,950","200,000","185,000","185,482","190,000","215,000","230,000","239,950","260,000","269,998","292,000","295,000","325,000","328,500","340,000","334,950"
E12000004,East Midlands,E07000132,Hinckley and Bosworth,"88,000","110,995","129,500","140,000","147,000","153,000","152,000","148,000","155,000","149,248","147,000","147,500","164,000","170,000","172,995","187,500","200,000","205,000","207,000","235,000","255,000","255,000","250,000"
E12000004,East Midlands,E07000133,Melton,"98,000","119,995","139,000","147,500","155,250","163,250","159,000","145,000","155,000","157,000","160,000","163,000","166,000","172,000","185,000","194,998","205,000","222,000","221,000","269,995","267,000","274,450","263,000"
E12000004,East Midlands,E07000134,North West Leicestershire,"87,000","112,000","130,000","140,000","142,950","153,000","153,000","139,850","145,000","145,000","140,000","151,476","160,000","175,000","180,000","190,000","210,000","207,995","227,975","250,000","265,000","275,000","260,000"
E12000004,East Midlands,E07000135,Oadby and Wigston,"85,000","115,000","135,000","146,500","146,500","153,975","155,000","135,000","147,975","150,000","142,875","146,000","151,975","165,000","177,000","186,600","202,500","215,000","236,000","260,000","270,000","286,000","268,000"
E12000004,East Midlands,E07000136,Boston,"67,950","85,500","107,500","117,998","118,000","126,995","124,950","118,000","119,000","120,000","123,000","122,000","129,250","135,000","141,475","147,000","155,000","165,000","169,950","185,000","190,000","199,950","196,500"
E12000004,East Midlands,E07000137,East Lindsey,"75,000","92,000","123,000","130,000","135,000","144,000","143,326","130,000","135,500","133,750","129,700","130,000","136,100","145,000","148,000","159,995","165,000","172,000","177,750","200,000","210,000","217,500","212,750"
E12000004,East Midlands,E07000138,Lincoln,"60,000","82,950","100,000","109,000","119,000","123,000","122,000","115,000","119,350","119,998","119,000","120,000","125,000","130,000","135,000","143,500","147,000","152,500","159,000","173,000","175,000","180,000","175,000"
E12000004,East Midlands,E07000139,North Kesteven,"86,000","114,000","131,000","140,000","146,000","154,950","157,750","140,998","149,950","143,000","146,000","144,000","155,000","165,000","175,000","183,000","190,000","202,500","203,000","229,950","235,000","245,000","230,000"
E12000004,East Midlands,E07000140,South Holland,"85,000","105,000","128,000","134,500","136,500","149,000","144,998","129,998","138,000","133,000","135,000","135,995","145,000","153,000","160,000","170,000","183,000","185,000","192,000","217,000","230,000","240,000","232,000"
E12000004,East Midlands,E07000141,South Kesteven,"90,000","118,950","139,000","151,000","150,000","162,500","166,000","147,000","160,000","153,000","153,500","155,995","165,000","173,995","186,950","195,000","210,000","214,625","220,000","243,995","250,000","260,000","255,000"
E12000004,East Midlands,E07000142,West Lindsey,"72,000","90,000","125,000","128,000","132,950","142,972","145,000","130,500","145,000","140,000","134,975","135,000","151,000","151,000","150,000","165,000","175,000","177,975","185,000","222,000","220,000","225,000","215,000"
E12000004,East Midlands,E07000170,Ashfield,"57,950","73,000","92,998","99,995","107,500","117,500","112,500","100,933","106,500","110,995","110,000","110,000","120,000","125,000","130,000","138,000","142,000","145,000","145,500","172,500","182,500","190,000","187,500"
E12000004,East Midlands,E07000171,Bassetlaw,"64,995","82,500","103,000","119,999","120,850","128,500","123,250","120,000","125,000","125,000","120,000","122,972","125,000","130,000","135,995","146,500","153,000","160,000","173,500","195,000","198,000","200,000","190,000"
E12000004,East Midlands,E07000172,Broxtowe,"82,000","105,000","125,000","137,500","136,000","141,500","138,250","129,995","134,000","132,000","131,998","137,000","139,000","148,000","160,000","162,500","175,000","185,000","193,000","220,000","235,000","253,073","243,975"
E12000004,East Midlands,E07000173,Gedling,"81,700","100,000","120,000","129,950","132,000","136,000","130,000","125,000","135,950","132,000","130,000","130,000","140,000","147,600","153,000","165,000","175,000","181,000","195,000","220,000","237,000","245,000","246,350"
E12000004,East Midlands,E07000174,Mansfield,"54,000","68,000","88,000","99,950","107,000","110,000","112,000","105,000","112,000","109,000","103,500","108,250","115,000","120,100","127,000","127,000","136,995","146,000","150,000","170,000","178,000","180,000","180,000"
E12000004,East Midlands,E07000175,Newark and Sherwood,"79,950","109,950","125,000","130,000","135,000","142,000","142,500","131,550","143,000","135,000","140,015","142,000","150,000","150,000","159,000","169,995","180,000","187,000","185,000","225,000","227,000","235,000","225,000"
E12000004,East Midlands,E07000176,Rushcliffe,"122,500","155,000","170,000","184,000","185,475","195,000","189,350","182,000","195,000","192,500","190,000","200,000","207,000","229,972","249,995","265,000","269,475","282,000","289,950","305,000","330,000","345,995","332,748"
E12000005,West Midlands,E06000019,"Herefordshire, County of","109,000","132,500","157,950","165,000","176,000","186,000","190,000","172,750","187,000","180,000","184,950","183,000","189,950","203,000","202,790","218,500","235,000","235,000","245,000","275,000","280,000","295,000","285,000"
E12000005,West Midlands,E06000020,Telford and Wrekin,"73,250","90,000","114,000","119,950","126,500","131,500","135,000","135,000","139,000","138,000","139,950","142,248","143,000","149,995","158,995","164,250","165,000","173,500","180,500","210,000","220,000","227,000","217,000"
E12000005,West Midlands,E06000021,Stoke-on-Trent,"40,000","45,950","66,000","78,950","86,000","90,000","94,000","86,975","89,000","85,000","87,500","89,995","95,000","98,000","105,000","110,000","115,000","120,000","125,000","135,000","138,000","141,100","144,000"
E12000005,West Midlands,E06000051,Shropshire,"97,000","125,000","146,000","158,000","168,000","176,000","181,250","165,000","172,500","170,000","169,995","171,000","175,000","182,500","194,000","210,000","215,000","218,750","230,000","258,000","260,000","270,000","268,500"
E12000005,West Midlands,E07000192,Cannock Chase,"73,500","86,500","108,000","119,000","124,995","130,998","130,000","121,500","125,000","125,000","124,995","125,000","130,500","135,000","145,000","159,950","165,000","170,500","180,475","200,000","215,000","220,000","218,500"
E12000005,West Midlands,E07000193,East Staffordshire,"76,950","90,000","115,000","122,000","125,972","140,000","136,000","130,000","144,995","135,000","133,000","140,000","145,000","159,000","159,995","169,000","182,000","187,000","201,000","222,500","217,000","222,500","218,000"
E12000005,West Midlands,E07000194,Lichfield,"109,950","137,950","158,500","175,000","173,000","186,000","190,000","170,000","182,500","178,000","180,000","180,000","190,000","197,000","209,950","225,000","234,000","254,248","255,000","280,000","296,950","307,000","300,000"
E12000005,West Midlands,E07000195,Newcastle-under-Lyme,"59,950","75,000","97,000","110,000","119,950","124,950","129,250","122,000","127,250","120,000","125,000","125,000","130,000","133,000","135,000","131,000","142,750","150,000","152,000","164,950","177,000","181,998","182,500"
E12000005,West Midlands,E07000196,South Staffordshire,"110,000","134,950","150,000","160,000","169,000","179,950","180,000","170,000","175,000","170,250","175,998","172,250","178,000","188,000","197,500","212,750","215,000","225,000","236,750","265,975","275,000","279,950","272,000"
E12000005,West Midlands,E07000197,Stafford,"88,500","114,950","133,950","145,000","150,500","161,000","164,456","152,000","157,000","160,000","156,500","160,000","165,025","172,500","185,000","195,000","200,000","210,000","215,000","234,995","240,000","251,000","240,250"
E12000005,West Midlands,E07000198,Staffordshire Moorlands,"74,000","89,950","119,950","128,000","136,750","143,500","142,500","130,000","139,000","136,000","135,000","135,500","140,000","150,000","152,000","158,000","165,000","170,000","180,000","200,000","206,975","215,000","220,000"
E12000005,West Midlands,E07000199,Tamworth,"82,500","96,500","120,000","128,000","136,500","141,500","139,000","130,000","139,250","135,000","131,000","136,000","142,500","147,500","165,000","172,000","190,100","200,000","215,000","225,000","238,750","245,546","235,000"
E12000005,West Midlands,E07000218,North Warwickshire,"87,250","106,000","126,500","137,950","145,000","149,950","150,000","147,750","152,000","142,500","148,000","145,000","156,000","167,750","179,000","190,000","195,000","212,500","225,000","254,950","250,000","249,000","240,000"
E12000005,West Midlands,E07000219,Nuneaton and Bedworth,"74,000","89,950","106,000","120,000","123,500","129,000","128,500","119,000","129,000","125,000","127,500","129,000","134,975","140,000","150,000","160,000","175,000","183,000","189,950","210,000","232,000","235,000","225,000"
E12000005,West Midlands,E07000220,Rugby,"104,998","116,975","138,500","148,000","149,995","155,000","161,250","146,000","155,000","154,000","159,000","165,000","179,972","187,500","196,622","210,000","240,000","247,748","250,000","272,995","275,000","300,000","278,000"
E12000005,West Midlands,E07000221,Stratford-on-Avon,"149,950","182,500","199,350","210,000","220,000","229,950","227,750","215,000","230,000","233,500","237,000","245,000","250,000","268,000","288,000","296,000","315,998","315,000","315,350","350,000","350,000","375,000","350,000"
E12000005,West Midlands,E07000222,Warwick,"133,500","158,500","173,000","185,000","186,000","197,500","202,500","188,000","203,750","205,000","207,500","214,700","235,000","250,000","275,000","285,000","300,000","311,500","314,498","335,000","340,000","360,000","345,000"
E12000005,West Midlands,E07000234,Bromsgrove,"139,950","155,500","181,000","189,000","195,000","200,000","205,000","185,000","196,000","203,950","203,500","204,950","219,972","240,000","250,000","267,500","279,950","290,000","290,000","320,000","327,500","345,000","342,000"
E12000005,West Midlands,E07000235,Malvern Hills,"135,000","167,000","184,950","195,000","204,500","227,500","220,000","195,000","205,000","210,000","202,500","202,000","215,000","225,000","238,000","255,000","265,000","288,000","275,000","318,000","316,000","340,000","330,000"
E12000005,West Midlands,E07000236,Redditch,"91,500","115,000","133,000","137,000","139,500","147,000","145,000","140,750","150,000","142,750","141,000","150,000","161,000","170,000","175,000","186,500","200,000","215,000","220,000","240,000","240,000","246,000","247,000"
E12000005,West Midlands,E07000237,Worcester,"95,000","118,000","135,950","145,000","152,400","164,000","165,000","152,500","156,000","157,500","163,000","162,000","167,000","178,600","182,500","185,000","195,000","202,385","210,000","232,500","238,076","250,000","252,000"
E12000005,West Midlands,E07000238,Wychavon,"126,995","155,000","172,500","186,500","190,000","205,000","210,500","183,000","197,750","200,000","195,000","195,000","210,000","225,875","245,000","259,000","270,000","270,000","282,000","305,000","318,750","328,325","325,000"
E12000005,West Midlands,E07000239,Wyre Forest,"90,000","113,850","132,000","144,950","144,000","155,000","151,000","145,000","150,000","146,250","145,000","150,000","153,750","157,000","162,000","170,000","180,500","184,000","195,000","222,000","230,000","242,000","235,000"
E12000005,West Midlands,E08000025,Birmingham,"78,000","97,950","119,000","126,500","130,000","136,950","135,000","123,000","130,000","128,500","126,000","130,000","137,000","142,000","150,000","162,000","171,000","180,000","187,500","211,000","216,000","229,000","225,000"
E12000005,West Midlands,E08000026,Coventry,"71,950","85,000","105,000","117,000","121,748","129,950","126,000","116,000","122,000","122,748","121,000","125,000","132,272","142,000","153,000","164,000","175,000","181,998","185,000","202,950","215,000","222,000","220,000"
E12000005,West Midlands,E08000027,Dudley,"79,000","92,000","114,000","123,000","128,000","132,425","135,000","126,500","134,000","129,000","129,995","130,000","137,225","145,000","150,000","155,000","163,500","169,975","180,000","200,000","209,500","220,000","224,000"
E12000005,West Midlands,E08000028,Sandwell,"63,000","79,500","96,750","107,000","114,950","120,972","120,000","110,000","112,500","110,000","110,000","110,000","115,000","122,000","126,500","135,000","145,000","153,000","156,000","174,250","188,500","202,000","205,000"
E12000005,West Midlands,E08000029,Solihull,"133,000","159,500","180,000","190,000","193,750","202,000","198,000","183,000","206,000","203,875","196,000","205,000","215,000","240,000","244,250","260,000","270,000","277,000","289,225","325,000","320,000","330,000","320,000"
E12000005,West Midlands,E08000030,Walsall,"70,000","86,000","108,500","119,995","122,000","125,000","125,975","121,500","125,000","125,000","122,000","125,000","135,000","134,000","139,000","147,000","155,000","157,000","159,725","190,000","190,000","206,975","207,000"
E12000005,West Midlands,E08000031,Wolverhampton,"64,950","80,000","96,000","110,000","118,500","121,000","124,000","115,000","114,950","114,475","115,000","117,998","122,000","125,500","134,000","137,950","147,250","151,000","163,000","180,000","190,000","198,000","205,000"
E12000006,East of England,E06000031,Peterborough,"76,500","92,000","115,750","122,500","130,000","139,995","140,000","129,998","135,000","131,500","130,000","137,000","147,748","153,000","160,000","170,737","185,000","195,000","210,000","222,000","235,000","245,000","236,000"
E12000006,East of England,E06000032,Luton,"89,500","118,000","130,000","137,500","144,000","155,000","160,000","142,000","150,000","150,000","150,000","153,000","165,000","182,000","217,000","235,000","245,000","243,000","251,500","270,500","290,000","307,000","300,000"
E12000006,East of England,E06000033,Southend-on-Sea,"97,500","125,000","145,000","156,995","164,500","175,000","180,000","165,000","177,500","180,000","182,000","185,000","197,000","218,250","235,000","260,000","275,000","289,000","290,000","321,000","320,000","332,000","330,000"
E12000006,East of England,E06000034,Thurrock,"106,000","132,000","147,500","159,000","162,500","170,000","175,000","161,000","165,000","172,000","167,000","172,000","185,000","213,000","250,000","275,000","280,000","286,000","290,000","320,000","336,995","340,000","345,000"
E12000006,East of England,E06000055,Bedford,"108,000","130,000","145,000","155,000","161,000","173,000","177,750","168,000","176,000","184,625","180,000","185,000","199,995","226,995","238,000","265,000","280,000","282,000","285,000","305,000","324,998","337,250","325,000"
E12000006,East of England,E06000056,Central Bedfordshire,"123,000","145,000","160,000","170,000","179,995","186,500","195,000","175,000","187,562","190,000","195,000","200,000","219,995","240,000","265,000","294,950","313,995","315,000","317,500","342,500","360,000","375,000","360,000"
E12000006,East of England,E07000008,Cambridge,"162,000","182,000","196,500","215,000","220,000","249,950","249,000","229,250","250,000","255,750","275,000","300,000","340,000","385,500","415,000","430,000","430,000","435,000","435,000","450,000","462,500","486,350","490,250"
E12000006,East of England,E07000009,East Cambridgeshire,"127,000","146,000","162,000","175,000","173,000","187,000","190,000","170,500","185,000","184,950","185,000","195,000","205,000","229,950","250,000","274,000","280,000","289,972","304,250","325,000","329,995","355,000","350,000"
E12000006,East of England,E07000010,Fenland,"80,000","102,000","120,000","130,000","131,000","136,000","142,998","125,000","132,500","131,000","130,000","128,700","140,000","148,250","160,000","175,000","185,000","190,000","199,995","215,000","232,000","238,000","230,000"
E12000006,East of England,E07000011,Huntingdonshire,"110,000","130,000","150,000","160,000","169,000","180,000","181,000","166,000","175,000","175,000","180,000","185,000","192,500","210,000","225,000","250,500","269,995","275,000","285,000","300,000","320,000","325,000","310,000"
E12000006,East of England,E07000012,South Cambridgeshire,"158,000","179,250","189,950","204,822","215,000","236,500","245,000","210,000","229,950","237,750","243,000","245,000","260,000","305,000","335,577","365,000","364,498","364,995","379,995","400,000","425,000","440,000","425,025"
E12000006,East of England,E07000066,Basildon,"110,000","135,000","152,950","158,000","169,995","179,000","182,500","174,995","183,750","180,000","190,000","190,000","205,000","224,995","259,995","280,000","295,000","295,000","307,000","345,000","350,000","355,250","340,000"
E12000006,East of England,E07000067,Braintree,"119,000","141,000","160,000","169,995","173,000","185,000","187,500","167,500","180,000","184,150","185,000","190,000","205,000","222,000","250,000","265,000","277,500","290,000","290,000","320,000","335,500","350,000","330,000"
E12000006,East of England,E07000068,Brentwood,"169,000","205,000","225,000","235,000","245,000","250,000","249,995","247,000","260,000","252,950","270,000","271,250","305,000","325,000","390,000","405,000","430,000","405,000","449,975","475,000","455,000","471,750","485,000"
E12000006,East of England,E07000069,Castle Point,"120,000","154,000","169,995","173,500","180,000","193,000","205,000","175,000","192,000","191,750","194,000","197,500","211,500","240,000","265,000","293,000","295,000","300,000","302,500","335,000","355,000","365,000","352,000"
E12000006,East of England,E07000070,Chelmsford,"135,000","167,500","180,000","190,000","196,000","218,000","219,000","198,275","220,000","219,995","225,000","226,000","245,000","270,000","300,000","330,000","345,000","355,000","355,000","385,000","390,000","400,000","385,000"
E12000006,East of England,E07000071,Colchester,"111,000","133,000","155,000","165,000","170,000","177,848","175,000","161,950","174,000","175,000","180,000","185,500","190,000","210,000","230,000","258,000","272,000","273,000","275,000","307,000","310,000","330,000","320,000"
E12000006,East of England,E07000072,Epping Forest,"177,500","210,000","227,000","232,000","249,500","265,000","270,500","250,000","283,500","280,000","280,500","300,000","330,000","370,000","407,000","430,000","450,000","450,000","477,000","500,000","505,000","496,500","500,000"
E12000006,East of England,E07000073,Harlow,"112,000","131,000","143,000","155,000","159,995","170,000","171,995","157,000","167,000","170,000","175,000","178,000","190,000","220,000","255,000","277,750","280,000","285,348","290,000","316,500","325,000","325,000","320,000"
E12000006,East of England,E07000074,Maldon,"133,750","154,995","181,748","193,000","198,500","210,000","222,225","194,000","206,500","215,000","207,800","220,000","230,000","249,972","279,995","320,000","320,000","320,000","325,000","360,000","385,000","385,000","362,250"
E12000006,East of England,E07000075,Rochford,"134,500","166,000","182,000","195,000","198,000","212,050","225,000","190,000","212,000","210,000","210,000","218,000","232,000","262,000","292,500","320,000","335,000","335,000","335,000","370,000","400,000","395,000","385,000"
E12000006,East of England,E07000076,Tendring,"95,000","125,000","140,500","150,000","156,000","166,000","171,000","145,000","150,000","153,000","152,500","152,000","160,000","172,000","185,000","220,000","227,500","238,250","242,000","270,000","282,000","293,000","275,000"
E12000006,East of England,E07000077,Uttlesford,"177,500","199,950","220,750","242,000","245,000","250,000","269,000","249,997","270,000","278,500","282,750","290,000","315,000","330,000","357,000","389,995","411,000","417,500","415,000","445,000","471,000","460,000","440,000"
E12000006,East of England,E07000095,Broxbourne,"146,000","173,575","185,000","190,000","195,000","215,000","219,000","205,000","217,250","224,500","225,750","237,000","250,000","277,000","325,000","335,000","350,250","350,000","367,500","395,000","415,000","446,000","410,000"
E12000006,East of England,E07000096,Dacorum,"152,000","180,000","194,995","205,500","215,000","229,950","245,000","222,500","245,000","240,000","245,000","246,000","280,000","311,000","335,000","375,000","380,000","372,250","395,000","425,000","425,000","440,000","450,000"
E12000006,East of England,E07000098,Hertsmere,"178,000","205,000","225,000","235,000","245,000","267,500","269,975","250,000","275,000","285,500","291,500","299,950","352,750","380,000","430,000","450,000","453,000","435,000","467,500","530,000","555,000","564,375","516,000"
E12000006,East of England,E07000099,North Hertfordshire,"135,500","164,950","180,475","185,000","201,000","217,500","218,995","199,998","216,000","227,500","225,000","225,000","245,475","279,475","315,000","335,000","335,000","350,000","367,500","397,500","407,400","405,000","410,000"
E12000006,East of England,E07000102,Three Rivers,"187,000","209,000","235,000","240,000","250,000","272,250","275,000","250,000","292,000","299,975","315,000","325,000","350,000","400,500","443,498","465,000","472,000","465,000","474,000","495,000","540,000","535,000","537,500"
E12000006,East of England,E07000103,Watford,"137,500","165,000","177,500","190,000","195,000","215,811","226,750","202,250","213,975","214,975","225,000","227,500","250,000","289,950","337,000","360,000","365,000","360,000","378,000","390,000","399,950","393,000","400,500"
E12000006,East of England,E07000143,Breckland,"92,500","116,950","135,000","142,000","148,000","163,000","157,000","147,000","155,000","152,000","155,000","155,000","167,500","177,000","195,748","208,750","223,500","218,000","225,000","252,500","265,000","280,000","263,000"
E12000006,East of England,E07000144,Broadland,"112,560","135,000","147,500","159,000","166,000","182,975","185,000","160,000","170,000","167,500","173,225","177,000","190,000","205,000","220,000","238,500","246,000","255,000","255,998","277,000","300,000","319,060","290,000"
E12000006,East of England,E07000145,Great Yarmouth,"72,000","89,950","115,000","120,000","122,000","136,000","133,000","130,000","136,000","129,950","132,500","135,000","137,000","146,000","152,500","165,000","172,000","180,000","187,500","210,000","220,000","230,000","219,500"
E12000006,East of England,E07000146,King's Lynn and West Norfolk,"90,000","116,000","133,950","145,000","148,000","156,250","158,000","149,500","154,972","151,250","150,000","155,000","160,000","170,000","182,500","200,000","210,000","219,998","225,500","255,000","265,000","275,000","257,500"
E12000006,East of England,E07000147,North Norfolk,"105,000","130,000","152,000","163,500","167,500","178,000","186,000","169,225","175,000","173,500","172,500","180,000","192,000","200,000","220,000","235,000","246,000","250,000","260,000","295,000","302,500","310,000","310,000"
E12000006,East of England,E07000148,Norwich,"86,998","109,000","122,000","129,000","135,825","155,000","152,500","134,975","144,000","139,950","141,000","147,000","155,000","165,000","172,000","186,000","190,500","192,000","197,750","219,750","228,000","235,000","230,000"
E12000006,East of England,E07000149,South Norfolk,"114,500","140,000","155,000","165,000","175,000","187,500","184,000","165,000","178,475","175,475","175,000","181,000","190,000","205,000","225,000","243,500","251,000","260,000","260,000","287,250","310,000","315,000","300,000"
E12000006,East of England,E07000200,Babergh,"124,995","141,500","160,000","168,950","179,000","195,000","195,000","172,250","192,750","190,000","195,000","190,000","218,000","225,000","250,000","267,500","275,000","280,000","285,000","320,000","335,000","337,748","325,000"
E12000006,East of England,E07000202,Ipswich,"84,000","100,000","119,000","128,000","133,500","141,500","140,000","120,000","128,000","131,250","134,000","136,498","147,500","158,000","165,000","182,500","190,000","200,000","201,000","225,000","234,000","245,000","240,000"
E12000006,East of England,E07000203,Mid Suffolk,"117,250","135,975","159,000","167,500","169,950","182,000","185,000","168,500","180,000","180,000","176,000","177,000","193,000","208,000","225,000","255,000","264,995","260,000","266,250","300,000","320,000","331,250","312,000"
E12000006,East of England,E07000240,St Albans,"208,000","237,500","249,950","267,000","284,995","309,950","312,500","300,000","340,000","350,000","345,000","360,000","395,000","440,000","490,500","518,000","537,500","532,000","545,000","581,000","625,000","650,000","624,500"
E12000006,East of England,E07000241,Welwyn Hatfield,"147,500","175,000","195,000","195,000","205,000","210,000","222,500","219,500","230,400","240,000","235,000","249,950","261,000","295,000","350,000","370,000","370,000","374,000","380,000","415,000","422,500","435,000","430,000"
E12000006,East of England,E07000242,East Hertfordshire,"163,000","192,000","209,000","222,500","232,500","245,000","249,995","230,000","245,000","250,000","250,000","274,998","287,500","311,000","354,950","383,000","387,000","405,000","415,000","432,500","450,000","460,000","450,000"
E12000006,East of England,E07000243,Stevenage,"110,000","133,500","144,950","155,000","158,000","170,000","175,000","160,000","166,000","167,500","167,000","170,000","189,475","219,995","249,995","264,000","275,000","270,000","275,000","302,000","327,750","336,500","320,000"
E12000006,East of England,E07000244,East Suffolk,"96,000","122,950","140,000","150,000","155,000","170,000","175,000","160,000","174,300","172,375","170,000","172,000","180,000","200,000","210,000","230,000","235,000","236,000","247,500","275,000","285,000","295,000","285,000"
E12000006,East of England,E07000245,West Suffolk,"106,000","125,000","147,500","155,750","160,300","174,000","178,000","160,000","169,000","170,000","168,000","174,995","186,000","209,000","220,000","235,000","248,000","251,894","252,000","279,972","295,000","296,250","282,500"
E12000007,London,E09000001,City of London,"240,000","290,000","280,000","305,000","323,000","395,000","377,500","381,250","452,500","455,000","474,000","575,000","700,000","823,750","800,000","849,975","888,099","920,000","895,000","798,000","850,000","930,000","750,000"
E12000007,London,E09000002,Barking and Dagenham,"107,000","137,000","155,750","163,000","165,000","180,000","191,000","163,500","167,000","170,000","172,000","178,500","205,000","235,000","277,000","302,000","305,000","315,500","320,000","335,000","360,000","378,000","362,000"
E12000007,London,E09000003,Barnet,"196,000","225,000","248,835","250,000","265,000","289,998","288,000","280,000","317,500","327,000","325,000","335,000","390,000","440,000","470,000","511,500","515,000","515,000","552,500","572,000","590,000","561,000","600,000"
E12000007,London,E09000004,Bexley,"132,000","159,000","173,000","182,000","190,000","208,000","215,000","195,000","210,000","217,000","211,000","220,000","249,000","271,000","321,998","335,000","350,000","355,000","366,500","387,000","415,000","415,500","420,000"
E12000007,London,E09000005,Brent,"179,000","207,000","223,000","235,000","248,500","274,000","283,000","270,000","280,000","300,000","317,250","340,000","374,225","400,000","450,000","475,000","495,000","495,000","490,000","520,000","535,000","550,000","555,000"
E12000007,London,E09000006,Bromley,"170,000","199,000","220,000","230,000","240,000","250,000","260,000","247,000","270,000","275,000","275,000","287,500","325,000","365,000","408,998","435,000","440,000","440,000","450,000","495,000","500,000","510,000","500,000"
E12000007,London,E09000007,Camden,"271,000","280,000","295,000","320,000","345,000","399,950","440,000","410,000","460,000","490,000","495,000","570,000","650,000","682,450","737,000","766,875","760,000","775,000","800,000","780,000","820,000","800,000","750,000"
E12000007,London,E09000008,Croydon,"143,000","168,000","183,000","194,000","199,950","219,950","230,000","205,000","215,000","219,998","226,000","235,000","250,000","295,000","331,000","360,050","375,000","385,000","386,750","412,000","415,000","420,000","415,000"
E12000007,London,E09000009,Ealing,"181,500","209,950","227,500","237,000","243,000","260,000","280,000","250,000","274,950","286,000","303,000","325,000","370,000","415,000","460,000","489,950","467,500","470,000","485,000","512,750","525,750","532,000","529,250"
E12000007,London,E09000010,Enfield,"145,000","175,000","189,000","200,000","207,000","227,000","236,000","225,000","235,000","240,000","245,000","250,000","280,000","320,000","375,000","402,000","400,000","407,250","420,000","460,000","460,000","475,000","460,000"
E12000007,London,E09000011,Greenwich,"142,500","165,000","177,500","195,250","207,500","218,998","234,000","218,000","240,000","249,999","245,000","255,000","310,000","332,000","385,000","420,000","430,000","457,800","446,700","460,000","475,000","470,000","450,000"
E12000007,London,E09000012,Hackney,"175,000","195,000","210,000","220,000","240,000","250,000","272,500","267,398","293,150","295,000","320,000","368,000","420,000","461,750","536,959","530,000","550,000","577,000","649,300","598,875","603,000","600,000","585,000"
E12000007,London,E09000013,Hammersmith and Fulham,"250,000","276,000","301,751","317,500","345,000","395,000","425,000","410,000","460,000","460,000","475,000","550,000","625,000","729,700","730,000","765,000","790,000","730,000","778,750","770,000","760,000","811,200","768,000"
E12000007,London,E09000014,Haringey,"170,000","190,000","207,500","223,500","231,250","250,000","270,000","250,000","280,000","303,000","310,000","330,000","385,000","421,700","460,000","530,000","521,000","515,000","510,000","540,000","567,175","580,000","565,000"
E12000007,London,E09000015,Harrow,"186,725","225,000","240,000","249,000","250,000","275,000","284,000","250,000","283,000","295,000","300,000","315,000","355,000","387,000","443,750","500,000","475,000","458,000","465,000","520,000","525,000","530,000","568,750"
E12000007,London,E09000016,Havering,"138,000","168,250","185,000","195,000","200,000","218,000","226,000","200,000","218,500","219,995","220,250","230,000","249,995","279,995","325,000","350,000","360,000","365,000","377,000","400,000","430,000","435,000","435,000"
E12000007,London,E09000017,Hillingdon,"159,000","187,000","205,000","216,000","226,000","240,000","248,000","230,000","246,500","250,000","250,000","260,000","295,000","339,150","390,000","415,000","415,000","412,000","425,000","453,000","452,000","465,000","485,000"
E12000007,London,E09000018,Hounslow,"167,995","193,000","210,000","219,998","231,250","247,000","250,000","238,995","248,000","250,000","260,000","276,750","310,000","340,000","390,000","380,000","410,000","410,000","424,995","450,000","465,000","475,000","475,000"
E12000007,London,E09000019,Islington,"235,000","248,875","249,999","268,320","285,000","335,000","355,000","340,000","372,000","405,000","405,000","445,000","500,000","576,500","605,000","616,000","589,000","600,000","650,000","640,000","665,000","690,000","650,000"
E12000007,London,E09000020,Kensington and Chelsea,"390,000","395,000","450,000","460,000","499,950","635,000","665,000","675,000","735,000","782,580","875,000","950,000","1,150,000","1,195,000","1,165,000","1,300,000","1,450,000","1,300,000","1,252,000","1,250,000","1,450,000","1,300,000","1,200,000"
E12000007,London,E09000021,Kingston upon Thames,"189,975","215,000","230,000","240,000","246,500","280,000","293,000","265,000","295,000","300,000","311,000","330,000","374,000","400,000","450,000","485,000","485,000","490,000","495,000","525,000","538,000","553,000","550,000"
E12000007,London,E09000022,Lambeth,"188,000","204,550","217,500","225,000","242,000","270,000","280,000","265,000","302,000","305,000","320,000","340,000","407,100","450,000","499,950","515,000","525,000","532,250","580,000","560,000","550,000","550,000","535,000"
E12000007,London,E09000023,Lewisham,"138,000","160,000","176,000","185,000","199,950","217,500","230,000","215,000","228,000","237,250","245,000","250,000","299,725","348,000","387,325","420,000","409,250","430,000","430,000","465,000","460,000","463,000","450,000"
E12000007,London,E09000024,Merton,"179,000","199,950","220,000","230,000","240,000","250,000","269,000","247,000","282,500","295,000","289,000","312,500","375,000","396,500","457,000","458,000","479,000","470,000","485,000","544,500","550,000","545,000","540,000"
E12000007,London,E09000025,Newham,"133,000","166,000","185,000","195,000","209,000","225,000","239,995","202,000","216,000","215,000","219,000","226,000","250,000","292,650","340,000","390,000","410,000","414,500","411,538","437,000","435,000","442,080","435,000"
E12000007,London,E09000026,Redbridge,"159,000","189,500","215,000","221,000","233,000","250,000","250,000","230,000","243,000","250,000","262,500","270,500","290,000","340,000","380,000","415,000","430,000","426,000","430,000","488,000","490,000","500,000","500,000"
E12000007,London,E09000027,Richmond upon Thames,"245,000","265,000","288,000","295,000","320,000","370,000","390,000","350,000","405,000","420,000","425,000","460,000","510,000","564,000","605,000","640,000","628,475","635,000","660,000","691,250","755,000","723,500","715,000"
E12000007,London,E09000028,Southwark,"187,950","200,000","220,000","237,000","242,500","268,000","285,000","283,000","305,000","323,000","325,000","345,000","399,950","460,000","500,000","532,050","555,000","560,000","529,100","550,000","555,000","557,750","535,000"
E12000007,London,E09000029,Sutton,"150,000","172,725","185,000","199,950","206,000","227,000","240,000","213,000","225,000","235,000","240,000","250,000","272,000","314,250","345,000","359,975","385,000","380,000","388,750","425,000","427,000","450,000","456,000"
E12000007,London,E09000030,Tower Hamlets,"197,500","208,250","228,000","240,000","245,000","275,000","299,950","280,000","305,000","300,000","302,200","315,500","375,000","409,640","462,588","485,000","485,000","490,498","515,000","572,000","525,000","508,000","475,000"
E12000007,London,E09000031,Waltham Forest,"140,000","167,250","185,000","197,500","207,068","231,500","240,000","210,000","225,000","230,000","240,000","250,000","300,000","360,000","406,000","442,267","450,000","442,000","460,000","492,500","500,000","510,000","525,000"
E12000007,London,E09000032,Wandsworth,"227,000","240,000","259,950","272,000","298,944","350,000","358,000","340,000","375,000","389,500","404,995","450,000","515,000","545,000","625,000","650,000","617,500","625,000","670,000","640,000","700,000","675,000","650,000"
E12000007,London,E09000033,Westminster,"310,000","325,000","342,000","370,000","410,000","449,999","499,950","495,000","557,750","611,000","608,000","730,000","830,000","880,000","980,000","1,067,500","1,060,000","939,000","1,000,000","904,000","1,095,350","1,065,000","934,500"
E12000008,South East,E06000035,Medway,"91,000","115,000","130,000","137,000","140,000","155,000","160,000","140,000","151,000","150,000","150,000","159,000","167,000","185,000","212,500","232,000","243,000","248,000","255,000","282,000","299,000","305,000","300,000"
E12000008,South East,E06000036,Bracknell Forest,"154,500","175,000","180,000","186,875","197,950","218,000","223,500","200,000","233,000","220,750","235,000","240,000","257,250","285,000","320,000","335,000","336,500","350,000","360,000","385,000","410,000","400,000","387,000"
E12000008,South East,E06000037,West Berkshire,"165,000","185,000","199,950","212,000","220,000","242,950","247,000","227,500","239,950","247,200","244,950","250,000","250,000","286,000","325,000","336,250","345,000","349,975","340,000","382,250","385,000","405,000","382,500"
E12000008,South East,E06000038,Reading,"139,950","157,500","166,250","178,000","180,000","199,950","202,000","184,950","193,000","190,000","195,500","200,000","220,000","246,000","279,000","295,000","310,000","307,000","302,500","320,000","332,000","350,000","340,000"
E12000008,South East,E06000039,Slough,"124,950","145,125","164,000","175,000","177,500","190,000","199,950","179,250","185,000","190,000","195,000","207,000","220,000","249,000","280,000","315,000","320,000","320,000","325,000","348,500","350,000","375,000","390,000"
E12000008,South East,E06000040,Windsor and Maidenhead,"215,000","246,000","249,950","272,000","282,000","307,000","315,000","290,900","320,000","327,250","326,000","335,000","375,000","415,000","450,500","485,000","458,100","460,000","493,000","510,000","510,000","510,000","507,000"
E12000008,South East,E06000041,Wokingham,"190,000","217,500","230,000","240,750","247,500","275,000","274,500","250,000","269,950","275,000","275,000","281,000","311,000","365,000","409,995","420,000","425,000","415,000","420,000","450,000","475,000","490,000","481,000"
E12000008,South East,E06000042,Milton Keynes,"112,000","131,748","150,000","159,950","164,000","175,000","177,250","158,000","178,500","177,000","180,000","189,998","200,000","225,000","247,500","265,000","280,000","285,000","300,600","325,000","350,000","365,000","340,000"
E12000008,South East,E06000043,Brighton and Hove,"142,500","163,795","177,000","192,000","200,000","230,000","237,500","210,000","235,000","240,000","240,000","249,500","270,000","295,000","320,000","345,000","345,000","360,000","360,000","405,000","410,000","422,000","417,500"
E12000008,South East,E06000044,Portsmouth,"96,450","118,500","133,000","138,000","142,500","153,478","157,000","142,000","150,000","149,000","150,000","150,000","162,500","170,000","185,000","200,000","210,000","210,000","218,000","236,000","250,000","259,000","253,870"
E12000008,South East,E06000045,Southampton,"108,500","130,000","144,950","149,999","153,500","162,575","161,250","147,000","162,000","161,250","159,950","159,950","168,000","178,000","190,000","205,000","212,585","214,875","220,000","232,250","246,250","250,000","250,000"
E12000008,South East,E06000046,Isle of Wight,"105,000","128,000","148,000","158,000","167,000","176,000","180,000","165,000","175,000","170,000","172,000","170,000","179,950","184,998","190,000","200,000","204,000","210,000","220,000","258,000","255,000","270,000","255,000"
E12000008,South East,E06000060,Buckinghamshire,"169,950","193,500","214,950","225,000","237,500","249,950","260,000","245,000","265,000","270,000","270,000","275,000","297,500","320,000","350,000","380,000","385,000","389,998","400,000","435,000","449,000","450,000","450,000"
E12000008,South East,E07000061,Eastbourne,"115,500","140,000","157,500","165,000","165,000","178,000","187,000","162,500","180,000","175,000","175,000","172,500","184,000","199,950","218,000","229,950","238,000","242,500","248,000","272,500","280,000","290,000","280,000"
E12000008,South East,E07000062,Hastings,"84,500","103,500","125,000","130,000","137,000","145,000","151,250","137,500","147,000","148,000","150,500","155,000","162,000","167,725","189,950","205,000","218,225","225,000","230,000","268,000","280,000","287,750","280,000"
E12000008,South East,E07000063,Lewes,"138,000","163,000","182,500","195,000","205,000","224,950","233,000","208,500","220,000","230,000","228,000","235,000","249,950","274,975","291,500","308,250","320,000","320,000","321,500","372,995","387,250","400,000","387,250"
E12000008,South East,E07000064,Rother,"129,000","160,000","176,000","182,000","193,000","206,000","222,250","201,965","215,000","215,000","217,000","225,000","229,950","245,000","267,248","273,000","285,000","290,000","310,000","347,500","350,000","365,000","355,000"
E12000008,South East,E07000065,Wealden,"145,450","178,000","194,000","210,000","211,000","226,000","240,631","215,000","237,500","234,000","233,500","239,995","249,950","267,000","285,000","310,000","316,000","312,500","330,000","370,000","385,000","380,000","380,000"
E12000008,South East,E07000084,Basingstoke and Deane,"145,000","165,000","183,500","194,000","187,000","210,000","210,000","190,000","210,000","210,000","219,998","222,500","237,250","245,000","275,000","302,500","318,000","305,500","320,000","336,000","347,500","350,000","360,000"
E12000008,South East,E07000085,East Hampshire,"166,181","194,000","209,950","224,000","230,500","250,000","249,999","237,000","260,000","265,000","259,950","267,000","285,000","310,000","340,000","360,000","365,000","376,000","369,998","407,000","437,500","420,000","425,000"
E12000008,South East,E07000086,Eastleigh,"132,000","155,950","175,000","181,000","185,000","194,826","202,000","185,000","194,950","199,995","205,000","210,000","220,000","237,000","257,500","280,000","295,000","300,000","302,250","322,500","336,250","340,000","330,000"
E12000008,South East,E07000087,Fareham,"137,950","163,000","175,000","181,600","189,995","200,000","207,000","189,500","200,000","202,500","210,000","212,000","224,995","243,250","255,000","280,000","285,000","289,950","298,000","320,000","340,000","350,000","345,000"
E12000008,South East,E07000088,Gosport,"94,000","120,000","130,000","138,000","139,950","145,375","149,995","136,000","143,000","140,825","147,500","147,500","156,000","165,000","179,950","199,000","203,250","205,000","215,000","232,000","240,750","255,000","245,000"
E12000008,South East,E07000089,Hart,"189,950","215,000","230,000","239,950","240,000","268,250","279,950","249,950","270,000","285,000","290,000","295,000","325,000","360,000","385,000","402,250","397,500","392,000","415,000","425,000","460,000","470,000","455,000"
E12000008,South East,E07000090,Havant,"124,995","140,750","161,000","166,250","175,000","186,625","187,000","172,500","189,950","185,000","185,000","195,000","215,000","225,000","245,000","260,000","263,000","268,000","284,996","315,000","315,000","325,000","319,000"
E12000008,South East,E07000091,New Forest,"151,000","185,000","202,000","218,875","225,950","237,000","240,000","220,500","240,100","245,000","244,000","245,000","250,000","281,000","297,250","315,000","325,000","327,000","338,000","380,000","395,000","395,000","380,000"
E12000008,South East,E07000092,Rushmoor,"132,975","156,000","164,950","175,000","179,950","190,000","200,000","180,750","192,000","202,000","200,000","205,000","224,950","246,000","275,000","299,950","295,000","300,000","298,650","325,000","345,000","355,000","345,000"
E12000008,South East,E07000093,Test Valley,"152,950","172,975","195,000","199,995","217,000","227,000","238,000","218,000","232,000","237,500","235,000","235,000","240,000","255,000","279,995","294,995","307,000","305,000","314,995","335,000","352,000","366,000","350,000"
E12000008,South East,E07000094,Winchester,"193,000","210,000","236,000","247,000","249,950","273,000","285,000","250,000","280,000","298,000","295,000","305,000","320,000","350,000","365,000","405,000","406,000","417,500","420,000","464,995","459,950","469,972","465,000"
E12000008,South East,E07000105,Ashford,"125,995","148,500","165,000","170,000","180,000","192,600","196,000","175,000","189,475","180,000","185,000","194,250","212,500","230,000","242,500","265,000","285,000","280,000","300,000","325,000","340,000","360,000","345,000"
E12000008,South East,E07000106,Canterbury,"123,500","150,000","170,000","180,000","183,000","197,500","200,300","174,995","199,995","200,000","203,000","208,000","222,500","240,000","265,000","285,000","295,000","300,000","315,000","344,995","350,000","360,000","340,000"
E12000008,South East,E07000107,Dartford,"120,000","145,000","159,995","167,000","176,000","190,000","200,000","175,000","180,000","185,000","193,000","200,000","214,998","246,250","276,000","305,950","308,000","310,000","320,000","335,000","363,000","367,995","360,000"
E12000008,South East,E07000108,Dover,"91,000","113,000","135,000","146,975","149,995","166,250","167,000","151,000","165,000","155,000","160,000","165,000","182,000","192,000","210,000","226,000","244,000","250,000","250,000","280,000","310,000","315,000","286,948"
E12000008,South East,E07000109,Gravesham,"115,000","136,000","154,000","162,000","164,345","178,000","182,000","165,000","175,000","179,498","180,000","189,950","199,995","222,000","255,000","279,500","290,000","292,000","300,000","330,000","360,000","355,000","350,000"
E12000008,South East,E07000110,Maidstone,"132,000","155,000","175,000","180,000","187,000","205,000","211,111","180,000","200,000","198,000","202,000","207,500","220,100","245,000","265,000","294,995","309,250","313,000","318,500","350,000","365,995","355,000","350,000"
E12000008,South East,E07000111,Sevenoaks,"175,000","200,000","225,000","235,000","248,000","265,000","268,000","250,000","258,750","284,000","283,500","287,500","313,000","350,000","360,000","383,625","416,544","393,000","415,000","446,750","475,000","460,000","475,000"
E12000008,South East,E07000112,Folkestone and Hythe,"98,000","125,000","147,500","160,000","165,000","177,000","185,000","170,000","175,000","175,000","175,500","180,000","185,000","200,000","220,000","245,000","250,000","260,000","267,000","303,000","315,000","315,000","300,000"
E12000008,South East,E07000113,Swale,"99,995","125,000","138,250","147,500","155,000","163,500","168,000","150,000","159,400","155,000","160,000","163,000","179,000","190,000","218,000","235,000","245,000","250,000","250,000","290,000","310,000","305,000","300,000"
E12000008,South East,E07000114,Thanet,"87,500","112,500","130,000","141,500","153,000","164,972","165,000","150,000","160,000","153,000","156,000","157,000","168,000","179,000","198,000","216,475","228,000","239,995","247,000","285,000","290,000","310,000","292,500"
E12000008,South East,E07000115,Tonbridge and Malling,"157,500","179,950","199,725","205,000","222,000","238,000","240,000","210,000","234,000","240,000","232,250","247,500","267,000","284,000","319,995","340,000","345,500","350,000","350,000","375,000","400,500","415,000","390,000"
E12000008,South East,E07000116,Tunbridge Wells,"154,656","179,950","202,500","220,000","228,000","245,000","242,000","220,000","250,000","240,000","250,000","250,000","265,000","300,000","335,000","357,500","370,000","380,000","390,000","436,500","450,000","460,000","430,000"
E12000008,South East,E07000177,Cherwell,"132,250","157,000","170,000","175,000","183,000","195,000","202,750","188,000","202,500","210,000","210,000","220,000","240,000","255,000","295,000","299,995","312,000","315,000","305,000","338,000","347,750","368,000","340,000"
E12000008,South East,E07000178,Oxford,"171,500","201,000","217,500","225,000","235,000","250,000","267,500","235,250","250,000","257,000","270,000","285,000","305,000","340,000","370,000","395,500","394,000","390,000","400,000","435,000","450,000","457,000","452,500"
E12000008,South East,E07000179,South Oxfordshire,"176,000","203,000","218,000","229,950","241,475","270,000","271,000","249,999","275,000","270,000","280,000","278,500","296,000","325,000","355,000","381,600","385,000","390,000","395,000","440,000","440,000","450,000","440,000"
E12000008,South East,E07000180,Vale of White Horse,"165,000","185,000","200,000","210,000","225,000","244,950","247,500","220,000","245,000","244,000","250,000","250,000","275,000","300,000","325,000","340,000","350,000","339,748","350,000","379,995","385,000","400,000","390,000"
E12000008,South East,E07000181,West Oxfordshire,"159,000","187,500","200,000","197,998","212,000","230,000","228,000","211,000","225,000","234,500","240,000","245,000","250,000","280,000","305,000","330,000","335,000","342,500","350,000","370,000","389,498","400,000","370,000"
E12000008,South East,E07000207,Elmbridge,"239,950","250,000","285,000","290,000","317,500","347,000","372,500","350,000","395,000","385,000","405,000","430,000","450,000","495,000","526,700","570,500","570,000","578,000","598,500","615,000","675,000","667,500","650,000"
E12000008,South East,E07000208,Epsom and Ewell,"200,000","225,000","242,000","250,000","267,000","293,750","287,750","250,000","309,950","318,750","315,000","324,500","355,000","402,250","450,000","472,500","475,000","470,000","475,000","515,000","550,000","505,000","545,000"
E12000008,South East,E07000209,Guildford,"187,000","210,000","235,000","245,000","250,000","275,000","280,500","250,000","295,000","299,950","305,750","310,000","335,000","372,000","410,000","430,000","450,000","430,000","450,000","485,000","502,100","510,000","485,000"
E12000008,South East,E07000210,Mole Valley,"222,000","244,445","257,000","285,000","294,995","295,050","325,000","300,000","337,500","350,000","360,000","380,000","385,000","421,000","475,000","499,950","480,000","475,000","515,000","551,000","525,000","585,000","577,000"
E12000008,South East,E07000211,Reigate and Banstead,"172,000","199,950","224,000","235,000","239,000","250,000","265,000","240,000","275,000","275,000","265,000","287,748","315,500","347,500","380,000","395,000","405,000","410,000","425,000","455,000","459,200","475,000","475,000"
E12000008,South East,E07000212,Runnymede,"182,500","207,250","224,000","235,000","240,000","260,000","270,773","249,999","250,000","269,975","259,950","275,000","312,000","335,000","370,000","399,950","400,000","390,000","413,750","440,000","455,000","450,000","467,500"
E12000008,South East,E07000213,Spelthorne,"173,000","193,975","206,000","212,250","225,000","242,000","245,000","232,500","242,000","249,950","250,000","260,000","279,950","320,000","364,500","394,950","382,000","386,400","400,000","423,000","425,000","447,000","448,750"
E12000008,South East,E07000214,Surrey Heath,"190,000","225,000","233,125","237,500","240,000","268,000","262,000","249,250","273,000","273,500","282,750","295,000","311,500","345,000","370,000","396,250","412,000","424,000","435,000","445,000","450,000","460,000","464,000"
E12000008,South East,E07000215,Tandridge,"185,000","224,000","240,000","242,250","256,000","269,000","279,950","250,000","292,000","300,000","285,000","304,250","329,950","375,000","390,000","415,000","415,000","426,500","440,000","475,000","490,000","500,000","490,000"
E12000008,South East,E07000216,Waverley,"197,000","227,500","245,000","250,000","275,000","295,000","307,500","281,000","315,000","329,950","330,000","340,000","358,000","390,000","425,000","440,000","475,000","457,500","479,950","525,000","527,500","570,000","536,000"
E12000008,South East,E07000217,Woking,"169,950","195,000","210,000","222,500","235,000","249,950","250,000","240,000","249,999","250,000","250,000","262,250","289,950","331,950","375,000","400,000","390,000","390,000","400,000","440,000","427,000","460,750","450,000"
E12000008,South East,E07000223,Adur,"128,500","150,000","167,000","180,000","185,000","204,000","212,250","184,000","200,000","205,000","210,000","220,000","230,000","260,000","285,000","300,000","305,000","312,500","315,000","355,000","377,000","380,000","365,000"
E12000008,South East,E07000224,Arun,"129,950","157,000","172,500","180,000","185,000","204,000","210,000","185,000","209,000","203,000","208,000","215,000","225,000","240,000","264,995","275,000","285,000","285,000","290,000","325,000","350,000","365,000","336,500"
E12000008,South East,E07000225,Chichester,"159,500","195,500","225,000","231,000","240,000","249,950","250,000","240,000","250,000","266,000","268,000","271,000","288,000","311,000","335,000","355,000","370,000","360,000","380,000","405,000","410,000","430,000","425,000"
E12000008,South East,E07000226,Crawley,"125,000","147,000","163,000","173,000","175,000","194,950","203,000","174,999","180,000","181,725","186,000","195,000","220,000","245,000","265,525","280,000","295,000","290,000","295,000","311,600","318,000","342,500","340,000"
E12000008,South East,E07000227,Horsham,"172,500","197,500","217,000","225,000","237,500","249,950","250,000","230,000","260,000","258,750","270,000","282,750","308,000","335,000","355,000","370,000","380,000","375,000","399,950","421,000","425,000","442,000","430,000"
E12000008,South East,E07000228,Mid Sussex,"158,500","188,500","209,950","218,000","225,000","243,950","249,999","230,000","246,500","250,000","248,375","265,000","290,000","315,000","350,000","365,000","370,000","380,000","375,000","411,725","435,000","450,000","431,000"
E12000008,South East,E07000229,Worthing,"120,000","147,000","160,000","166,000","174,500","192,000","194,000","174,375","195,000","195,000","199,950","204,950","220,000","241,000","258,500","279,500","295,000","286,000","290,000","325,000","330,000","350,000","355,000"
E12000009,South West,E06000022,Bath and North East Somerset,"140,000","169,950","185,000","197,000","204,000","227,000","225,000","200,000","227,750","230,000","230,000","235,000","245,000","268,000","292,500","315,000","325,000","324,995","330,000","370,000","375,000","395,000","390,000"
E12000009,South West,E06000023,"Bristol, City of","107,500","131,250","142,500","150,000","157,950","172,500","173,888","160,000","170,000","171,000","172,000","175,000","190,000","208,000","237,000","255,000","263,670","269,000","280,000","312,000","325,000","340,000","340,000"
E12000009,South West,E06000024,North Somerset,"110,000","133,000","154,725","165,000","172,000","185,000","191,000","175,000","190,000","185,000","183,000","189,500","200,000","215,000","226,000","237,725","250,000","257,950","270,000","305,000","305,000","325,000","315,000"
E12000009,South West,E06000025,South Gloucestershire,"115,000","136,000","150,000","160,000","165,750","183,000","185,000","167,000","184,000","180,000","185,000","188,346","200,000","221,975","240,000","256,250","269,725","275,000","290,000","307,500","327,000","342,000","326,250"
E12000009,South West,E06000026,Plymouth,"76,950","90,000","115,000","131,000","137,000","149,500","145,500","139,000","145,000","142,000","143,000","145,000","155,000","162,000","165,000","169,000","175,000","178,000","182,500","195,250","207,975","212,000","215,000"
E12000009,South West,E06000027,Torbay,"95,000","120,000","142,000","155,000","158,950","170,000","170,000","155,000","163,250","160,000","158,000","160,000","168,000","175,000","180,000","188,000","195,000","198,000","203,000","230,000","245,000","255,000","246,000"
E12000009,South West,E06000030,Swindon,"110,995","125,000","135,000","139,500","146,500","157,950","157,500","140,000","155,000","150,000","150,000","154,972","161,000","175,000","195,000","214,000","228,000","230,000","230,000","246,000","259,950","274,000","266,500"
E12000009,South West,E06000052,Cornwall,"101,000","135,000","162,000","175,000","180,000","195,000","195,975","175,000","185,000","187,000","185,000","185,000","190,000","200,000","209,995","215,000","222,500","226,500","238,000","275,000","285,000","299,950","283,000"
E12000009,South West,E06000053,Isles of Scilly,"185,000","265,000","300,000","340,000","295,000","350,000","295,000","335,000","300,000","345,000","330,000","348,750","235,000","325,000","287,500","290,000","321,250","373,750","283,162","435,000","385,000","420,000","391,000"
E12000009,South West,E06000054,Wiltshire,"129,950","152,000","169,000","178,000","185,000","196,000","200,000","182,500","199,000","203,000","201,500","200,000","212,000","225,000","243,000","259,950","270,000","275,000","275,000","300,125","315,000","325,000","312,500"
E12000009,South West,E06000058,"Bournemouth, Christchurch and Poole","130,000","157,500","179,950","187,000","193,000","209,250","214,000","190,000","207,000","209,000","210,000","210,000","223,000","238,000","248,750","265,000","271,600","280,000","285,000","320,000","325,000","340,000","330,000"
E12000009,South West,E06000059,Dorset,"139,950","170,000","192,000","200,000","210,000","229,972","235,000","210,000","225,000","225,000","230,000","230,500","239,950","249,950","264,950","279,972","285,000","285,000","296,000","332,500","347,000","352,000","340,000"
E12000009,South West,E06000066,Somerset,"107,500","130,000","152,000","164,000","165,000","179,500","180,000","167,000","175,000","175,000","175,000","177,000","184,995","192,500","200,000","216,995","227,000","230,000","238,950","265,000","275,000","287,500","271,500"
E12000009,South West,E07000040,East Devon,"130,750","162,500","184,995","194,000","200,000","220,000","225,000","205,000","225,000","224,000","223,975","217,950","227,500","241,568","240,000","264,995","277,000","275,000","284,000","305,000","320,000","340,000","335,000"
E12000009,South West,E07000041,Exeter,"105,000","134,000","155,000","162,500","169,950","180,000","184,000","171,500","179,950","185,000","182,500","188,775","197,000","218,748","225,000","240,000","250,000","249,950","260,000","280,000","300,000","315,000","297,000"
E12000009,South West,E07000042,Mid Devon,"115,000","137,903","159,975","170,000","171,950","187,200","193,000","174,475","181,560","182,500","182,000","190,000","187,500","199,000","210,000","219,000","235,000","233,500","251,500","275,000","299,998","305,000","285,000"
E12000009,South West,E07000043,North Devon,"114,000","139,950","164,500","179,000","186,750","200,000","190,000","175,000","190,000","186,000","190,500","187,500","200,000","212,000","219,000","228,000","235,000","249,995","259,000","283,000","300,000","315,000","285,000"
E12000009,South West,E07000044,South Hams,"139,000","175,000","195,000","220,000","230,000","249,125","250,000","225,000","245,000","242,500","230,000","239,950","250,000","270,000","275,000","282,000","299,950","294,000","317,000","350,000","368,748","385,000","362,750"
E12000009,South West,E07000045,Teignbridge,"117,000","143,000","166,250","180,000","186,000","198,000","195,000","182,500","194,950","195,000","194,000","197,995","206,375","217,400","226,000","237,500","245,000","245,000","254,000","280,000","293,500","307,750","295,000"
E12000009,South West,E07000046,Torridge,"106,950","135,500","159,995","169,950","174,950","184,000","185,000","170,000","188,000","180,000","176,875","177,000","186,000","195,000","199,950","207,500","220,000","224,950","225,000","265,000","280,000","310,000","275,000"
E12000009,South West,E07000047,West Devon,"120,000","144,950","170,000","185,000","195,000","210,000","206,000","182,000","189,950","188,000","188,000","195,000","192,000","205,000","218,500","210,000","232,500","244,950","260,000","292,500","304,000","305,000","297,750"
E12000009,South West,E07000078,Cheltenham,"125,000","143,000","165,000","175,000","180,000","187,000","195,000","175,000","195,500","195,000","199,000","201,000","215,000","225,000","234,000","255,000","266,500","270,000","270,000","310,000","300,000","325,000","320,000"
E12000009,South West,E07000079,Cotswold,"163,000","195,000","221,500","239,500","247,000","250,000","268,975","250,000","275,000","265,000","260,000","270,000","290,000","304,500","330,000","350,000","350,000","355,000","362,000","412,000","425,000","450,000","440,000"
E12000009,South West,E07000080,Forest of Dean,"98,500","124,500","144,000","160,000","164,000","180,000","180,000","163,500","173,500","171,995","168,498","160,000","168,500","178,750","190,000","200,000","211,000","229,250","235,000","275,000","274,995","293,250","280,000"
E12000009,South West,E07000081,Gloucester,"85,500","109,000","125,000","131,000","140,000","154,000","154,950","138,000","145,000","138,725","145,000","145,000","154,000","165,000","175,000","180,000","190,000","200,000","210,000","225,000","240,000","249,950","250,000"
E12000009,South West,E07000082,Stroud,"120,000","147,500","169,950","179,950","180,000","200,000","200,000","185,000","188,000","190,000","187,750","192,998","206,998","219,250","230,000","249,999","273,750","267,000","275,000","315,000","315,000","345,995","335,000"
E12000009,South West,E07000083,Tewkesbury,"117,000","143,000","158,750","168,500","170,725","189,950","197,500","170,000","184,995","186,300","189,950","195,000","209,000","224,995","234,995","250,000","268,995","269,995","277,500","305,000","310,000","330,000","318,111"
W92000004,Wales,W06000001,Isle of Anglesey,"68,625","82,975","116,000","128,000","139,000","156,250","154,000","145,650","150,000","143,250","149,975","144,000","147,000","153,450","161,500","165,000","169,950","170,000","185,000","205,000","232,000","223,500","220,000"
W92000004,Wales,W06000002,Gwynedd,"59,950","78,500","103,000","127,500","138,000","146,000","145,000","135,000","140,000","134,500","135,000","137,000","135,000","145,000","145,000","148,000","155,000","158,000","159,950","178,000","185,250","185,000","190,000"
W92000004,Wales,W06000003,Conwy,"70,000","91,250","120,500","142,500","143,000","150,000","149,950","138,000","147,500","145,000","140,000","140,000","147,000","145,000","150,000","158,000","159,000","165,000","170,000","199,725","205,000","210,000","213,625"
W92000004,Wales,W06000004,Denbighshire,"60,000","80,000","100,000","119,950","127,000","131,475","132,500","122,500","129,950","125,000","125,000","125,000","125,000","135,000","136,700","139,950","146,000","145,000","159,000","185,000","185,000","190,000","183,000"
W92000004,Wales,W06000005,Flintshire,"70,000","86,000","112,000","127,500","130,725","142,500","139,475","135,000","135,000","136,000","139,995","138,000","140,000","152,500","155,500","157,000","160,000","165,000","170,000","187,000","195,000","195,250","195,000"
W92000004,Wales,W06000006,Wrexham,"68,500","86,950","114,000","126,500","134,000","140,000","139,950","132,250","130,000","128,750","136,000","129,950","135,000","138,500","143,875","147,000","150,000","155,000","157,000","175,000","187,500","184,000","182,500"
W92000004,Wales,W06000008,Ceredigion,"79,950","100,000","136,000","151,000","165,000","175,998","179,500","160,000","175,000","170,000","166,500","157,000","165,000","168,000","172,500","175,000","178,000","190,000","183,000","215,000","239,000","235,000","235,000"
W92000004,Wales,W06000009,Pembrokeshire,"72,000","92,600","125,000","144,000","153,250","166,000","165,000","165,000","165,000","153,187","156,000","153,000","150,000","158,000","160,000","162,000","170,000","172,000","180,000","199,950","220,000","225,000","224,500"
W92000004,Wales,W06000010,Carmarthenshire,"51,500","67,500","92,500","116,000","122,500","132,000","135,000","122,500","127,000","125,000","125,000","120,000","125,000","129,995","135,000","135,000","136,375","140,000","145,000","169,950","175,000","184,500","180,000"
W92000004,Wales,W06000011,Swansea,"60,000","75,000","100,000","119,995","128,000","132,525","134,998","132,625","132,500","127,000","125,000","125,000","130,000","133,000","137,000","139,500","142,000","150,000","155,000","175,000","180,000","182,500","188,000"
W92000004,Wales,W06000012,Neath Port Talbot,"46,000","51,162","70,000","87,500","91,000","103,000","108,250","100,000","95,000","98,000","97,500","96,000","100,000","106,500","105,000","110,000","115,000","116,000","124,995","135,000","142,500","150,000","155,000"
W92000004,Wales,W06000013,Bridgend,"61,200","75,000","97,000","115,000","120,000","125,000","125,000","120,000","124,725","123,000","120,000","125,000","128,500","137,500","143,000","148,000","150,000","156,500","163,000","177,500","195,000","199,950","200,000"
W92000004,Wales,W06000014,Vale of Glamorgan,"87,500","105,000","131,500","142,000","150,000","159,975","165,000","165,000","170,000","165,000","166,500","173,000","180,000","184,000","197,000","210,000","214,998","220,000","226,995","250,000","275,000","285,000","275,000"
W92000004,Wales,W06000015,Cardiff,"95,000","120,000","140,000","150,000","154,000","160,000","158,000","148,000","160,000","155,000","160,000","163,500","165,000","170,000","179,950","183,500","197,500","202,975","215,000","244,950","255,000","253,100","255,000"
W92000004,Wales,W06000016,Rhondda Cynon Taf,"44,000","52,000","67,950","80,750","88,250","95,000","96,000","90,000","90,000","89,488","90,000","90,000","94,000","103,500","110,600","108,000","110,000","114,000","116,500","135,000","140,000","150,000","145,750"
W92000004,Wales,W06000018,Caerphilly,"52,500","66,000","84,950","98,500","114,000","120,000","122,000","103,950","110,000","108,450","109,000","111,000","120,000","119,950","121,000","122,000","127,000","135,000","140,000","157,000","170,000","173,000","180,000"
W92000004,Wales,W06000019,Blaenau Gwent,"35,950","37,000","55,000","72,500","77,500","84,000","85,000","74,000","75,000","71,500","72,000","70,000","75,000","78,000","79,950","83,000","83,000","89,950","93,500","110,000","125,000","132,000","130,000"
W92000004,Wales,W06000020,Torfaen,"55,000","69,500","89,100","102,000","110,000","120,000","120,725","110,750","115,500","118,000","120,000","117,500","122,000","121,000","125,000","130,000","145,000","153,000","162,000","172,750","180,000","185,000","182,000"
W92000004,Wales,W06000021,Monmouthshire,"112,000","130,000","155,500","180,000","175,000","194,950","189,972","174,950","185,000","190,000","195,000","185,000","200,000","212,420","210,000","225,000","241,000","253,500","260,000","290,500","310,000","325,000","318,000"
W92000004,Wales,W06000022,Newport,"74,000","88,000","113,250","125,975","130,000","138,995","135,500","120,000","125,000","124,950","125,000","130,000","135,000","148,500","154,950","157,500","162,995","178,000","178,000","205,000","210,000","225,000","220,000"
W92000004,Wales,W06000023,Powys,"80,000","98,000","134,950","145,000","155,000","165,000","165,000","150,000","163,000","154,995","156,000","158,000","160,000","162,500","165,000","174,748","180,000","180,000","180,000","216,000","239,225","238,000","230,000"
W92000004,Wales,W06000024,Merthyr Tydfil,"36,950","41,500","54,000","72,000","82,000","89,950","92,500","87,000","87,370","85,000","85,000","83,250","89,000","90,000","89,972","95,000","92,500","97,500","117,000","125,000","131,000","135,000","140,000"