"Table 5b - Median gross annual residence-based earnings by local authority district, England and Wales, 2002 to 2024 (Â£)",,,,,,,,,,,,,,,,,,,,,,,,,,
Country/Region code,Country/Region name,Local authority code,Local authority name,2002,2003,2004,2005,2006,2007,2008,2009,2010,2011,2012,2013,2014,2015,2016,2017,2018,2019,2020,2021,2022,2023,2024
E12000001,North East,E06000001,Hartlepool,"18,535","18,192","19,536","20,986","20,797","21,613","23,392","25,095","23,663","24,286","25,757","24,198","24,957","26,208","25,970","25,525","26,929","26,523","28,653","27,714","31,479","31,852","31,584"
E12000001,North East,E06000002,Middlesbrough,"16,807","17,345","17,357","18,418","19,157","20,006","21,831","21,264","21,260","20,572","22,724","21,708","22,742","24,565","24,966","24,141","25,434","26,044","26,645","26,337","28,917","29,048","32,284"
E12000001,North East,E06000003,Redcar and Cleveland,"19,781","17,688","19,929","21,391","20,324","22,268","21,017","23,111","21,529","23,607","22,154","24,344","24,976","25,023","24,403","25,390","24,973","25,836","26,675","24,811","29,269","30,341","30,595"
E12000001,North East,E06000004,Stockton-on-Tees,"19,493","19,866","22,007","23,066","22,423","23,569","24,315","25,072","24,472","25,240","24,677","26,595","26,154","26,607","27,752","26,538","26,889","29,477","29,450","28,434","30,227","32,693","34,250"
E12000001,North East,E06000005,Darlington,"17,265","17,479","18,564","18,670","19,183","22,185","20,933","21,965","22,944","23,261","23,206","22,461","26,231","25,299","27,514","27,797","26,445","27,703","27,039","30,435","29,146","30,883","33,141"
E12000001,North East,E06000047,County Durham,[x],"18,063","18,827","19,719","19,891","21,043","21,490","21,791","22,728","22,817","23,828","24,068","24,676","24,746","25,011","25,667","26,331","27,557","28,239","28,137","30,312","31,215","32,347"
E12000001,North East,E06000057,Northumberland,[x],"19,201","20,326","20,992","21,657","21,628","22,551","23,974","25,173","25,064","24,490","25,088","24,892","25,114","26,454","27,113","27,460","27,430","28,472","29,061","30,735","34,223","35,996"
E12000001,North East,E08000021,Newcastle upon Tyne,"19,045","19,610","20,453","21,010","21,403","21,109","22,255","22,562","22,289","22,030","23,331","24,287","25,343","26,425","26,577","26,691","26,928","28,024","29,050","30,297","30,993","32,624","34,841"
E12000001,North East,E08000022,North Tyneside,"17,389","17,915","19,670","20,057","20,255","20,529","22,030","23,781","24,061","24,017","23,887","24,185","24,480","25,757","26,092","27,855","28,726","29,525","29,523","29,027","31,783","32,653","36,807"
E12000001,North East,E08000023,South Tyneside,"18,866","19,880","18,541","19,318","20,370","20,557","21,664","23,479","23,242","22,760","23,231","23,792","23,925","24,471","23,744","25,301","24,979","25,930","26,529","27,445","29,581","30,063","33,172"
E12000001,North East,E08000024,Sunderland,"16,779","17,181","17,940","19,089","19,626","20,541","20,783","21,555","22,350","22,321","22,642","23,708","24,165","24,655","25,171","24,914","25,649","25,456","26,626","24,948","27,514","29,290","32,723"
E12000001,North East,E08000037,Gateshead,"17,827","17,405","18,474","20,054","18,963","19,986","20,933","22,158","23,091","23,000","24,458","24,594","25,078","24,974","25,049","25,802","25,985","26,504","26,476","26,996","29,678","31,769","32,585"
E12000002,North West,E06000006,Halton,"18,908","19,032","20,433","20,011","19,740","21,946","22,462","22,140","22,849","22,781","23,776","24,998","25,207","24,974","25,250","26,143","27,592","27,690","30,405","28,810","31,660","33,490","36,077"
E12000002,North West,E06000007,Warrington,"19,787","21,617","22,157","23,345","25,794","24,463","26,778","26,324","26,506","26,159","26,617","25,905","26,203","28,207","27,856","28,168","30,776","30,877","30,245","31,428","32,524","34,712","37,387"
E12000002,North West,E06000008,Blackburn with Darwen,"18,037","18,626","20,349","20,867","21,010","21,752","20,823","23,097","22,941","20,974","21,753","22,091","23,283","21,519","22,768","23,183","23,449","25,121","24,554","25,907","27,451","30,731","29,153"
E12000002,North West,E06000009,Blackpool,"15,669","17,240","17,121","18,134","18,261","19,461","19,003","19,384","18,597","19,254","19,294","19,943","19,695","21,010","21,429","23,055","22,943","24,795","24,526","22,666","25,052","27,191","31,364"
E12000002,North West,E06000049,Cheshire East,[x],"23,463","24,298","26,711","25,554","25,653","26,377","27,248","26,006","26,441","27,072","27,349","28,294","27,845","28,754","28,682","29,881","31,960","32,601","31,568","34,545","36,027","37,473"
E12000002,North West,E06000050,Cheshire West and Chester,[x],"22,948","24,441","24,782","24,129","25,652","26,252","27,788","28,603","26,114","26,981","28,000","28,000","28,561","28,819","29,478","29,756","30,970","31,389","32,461","33,848","35,490","39,201"
E12000002,North West,E06000063,Cumberland,[x],"21,066","21,326","23,089","23,186","24,087","24,814","24,242","25,743","23,708","24,724","26,718","26,454","26,723","26,989","27,758","27,893","28,862","33,248","32,388","32,058","35,149","37,817"
E12000002,North West,E06000064,Westmorland and Furness,[x],"19,458","20,420","20,937","22,204","22,476","24,001","24,370","24,154","23,945","24,006","26,904","26,561","25,528","27,960","28,647","30,491","29,981","30,721","31,326","32,142","33,522","40,690"
E12000002,North West,E07000117,Burnley,"18,280","19,450","18,708","20,748","21,017","19,683","22,096","20,758","21,204","21,484","22,628","23,725","22,041","22,473","24,142","23,659","24,795","28,050","25,334","27,115","28,480","30,774","31,752"
E12000002,North West,E07000118,Chorley,"19,974","20,671","20,273","22,025","21,887","22,595","23,518","24,417","24,154","24,591","25,723","23,881","24,745","25,821","27,486","27,463","30,169","31,094","31,157","33,954","32,682","32,926","38,868"
E12000002,North West,E07000119,Fylde,"22,062","24,216","24,512","25,558","23,705","26,370","28,859","28,205","29,066","29,654","27,677","29,351","30,996","24,926","26,983","30,498","31,837","31,545","33,449","30,518","31,399","38,871","38,133"
E12000002,North West,E07000120,Hyndburn,"15,937","16,260","15,940","17,933","17,564","17,931","18,810","20,751","21,659","22,767","20,726","21,074","22,040","22,421","23,549","25,069","22,627","24,912","24,850","26,891","27,200","29,835","31,940"
E12000002,North West,E07000121,Lancaster,"20,431","20,804","21,225","22,103","22,466","24,721","25,342","25,231","25,487","26,165","24,020","28,672","27,752","26,374","27,915","27,612","26,995","28,193","29,308","30,971","30,786","30,606","33,565"
E12000002,North West,E07000122,Pendle,"16,528","17,012","17,221","18,770","19,747","19,787","21,812","21,342","21,703","22,544","21,866","22,582","24,630","24,845","24,132","25,344","27,289","27,038","25,559","23,352","25,768","27,071","28,945"
E12000002,North West,E07000123,Preston,"19,414","20,323","19,801","21,088","19,240","21,291","22,382","24,298","22,731","22,309","22,910","22,131","22,925","23,218","24,680","24,176","25,880","26,057","26,887","27,443","28,909","33,594","36,584"
E12000002,North West,E07000124,Ribble Valley,"21,722","21,064","24,016","24,860","22,580","24,797","25,742","24,644","24,013","26,240","25,760","26,861","28,817","27,659","28,215","27,955","30,783","32,491","33,963","33,134","34,965","38,381","40,458"
E12000002,North West,E07000125,Rossendale,"16,487","18,522","20,604","20,367","22,323","21,147","23,812","23,290","22,191","24,428","24,550","22,624","23,028","24,293","24,041","23,379","25,000","26,093","27,643","29,009","29,432","31,115","32,298"
E12000002,North West,E07000126,South Ribble,"20,832","20,342","21,283","22,107","22,815","23,784","25,965","24,803","25,206","24,877","25,087","25,797","26,204","25,730","26,884","26,750","27,733","28,014","29,086","28,260","30,913","33,214","37,871"
E12000002,North West,E07000127,West Lancashire,"20,664","21,150","22,093","22,732","23,583","24,700","24,495","23,933","25,474","25,446","25,318","25,918","25,048","26,104","27,798","28,445","29,902","28,396","29,616","28,422","30,467","34,686","36,880"
E12000002,North West,E07000128,Wyre,"18,913","20,727","22,382","22,845","22,699","19,834","22,513","21,615","22,250","22,846","27,098","25,824","24,594","27,266","24,620","25,327","25,191","26,497","27,240","29,348","31,391","33,133","37,251"
E12000002,North West,E08000001,Bolton,"18,610","18,486","19,539","20,479","19,996","22,160","22,472","23,197","22,301","22,881","22,664","23,411","22,805","23,783","24,815","24,364","25,007","26,554","27,066","27,020","28,127","32,043","33,575"
E12000002,North West,E08000002,Bury,"20,708","21,511","22,393","23,308","23,004","24,275","26,182","25,829","26,435","25,996","25,844","25,839","26,405","27,418","28,069","27,652","29,347","29,650","32,267","31,228","32,421","33,010","35,195"
E12000002,North West,E08000003,Manchester,"17,853","18,923","19,794","20,667","20,747","22,538","22,800","23,092","22,964","22,554","24,252","24,698","24,582","24,872","24,185","25,000","26,199","26,629","28,143","27,500","29,093","32,821","32,704"
E12000002,North West,E08000004,Oldham,"17,275","18,307","19,705","19,333","20,253","21,093","21,602","21,476","21,442","22,120","22,050","22,080","22,936","22,858","24,051","24,907","25,003","25,375","26,062","27,596","27,011","29,600","33,175"
E12000002,North West,E08000005,Rochdale,"18,262","19,128","20,075","20,794","20,800","22,001","23,514","23,821","23,589","23,349","24,190","23,882","23,528","23,910","24,421","24,603","24,904","26,291","27,305","25,634","27,845","31,188","33,952"
E12000002,North West,E08000006,Salford,"18,407","18,901","19,950","20,755","21,677","21,962","22,901","23,061","23,325","22,639","23,916","23,928","23,885","24,327","25,288","26,097","26,173","26,944","29,507","27,976","31,153","32,011","34,432"
E12000002,North West,E08000007,Stockport,"20,249","20,447","22,005","22,509","23,523","25,959","24,303","25,986","25,946","25,933","26,734","28,014","28,299","27,500","28,171","29,048","31,027","32,246","34,021","30,470","34,593","36,551","37,479"
E12000002,North West,E08000008,Tameside,"18,503","18,597","19,138","20,535","20,078","20,685","22,374","22,812","22,054","21,489","23,373","22,534","22,108","23,483","23,419","24,289","24,401","25,770","25,825","27,682","29,104","31,118","33,297"
E12000002,North West,E08000009,Trafford,"21,733","21,950","24,144","25,361","25,509","27,857","28,031","27,573","28,014","28,586","30,062","30,751","29,996","30,894","34,069","32,047","34,004","33,791","35,065","34,906","38,091","38,045","39,246"
E12000002,North West,E08000010,Wigan,"18,655","19,273","19,982","20,871","21,041","22,177","22,973","23,148","23,996","24,038","23,795","25,698","25,309","26,189","27,094","26,957","27,031","26,999","29,366","30,904","29,547","32,002","34,438"
E12000002,North West,E08000011,Knowsley,"16,376","17,804","18,381","19,167","19,304","21,506","21,098","22,557","23,669","23,621","23,275","23,316","23,612","24,044","25,135","26,235","26,880","25,849","28,502","29,710","31,136","31,669","34,533"
E12000002,North West,E08000012,Liverpool,"17,593","18,116","19,230","20,455","21,117","21,961","22,935","23,249","24,030","23,704","23,949","24,844","25,813","25,682","25,953","26,017","26,706","28,800","30,850","30,059","30,692","32,816","34,611"
E12000002,North West,E08000013,St. Helens,"17,489","18,674","19,661","20,336","21,021","21,025","23,204","23,397","24,610","25,544","24,959","24,758","24,686","26,255","26,008","25,352","26,224","28,796","28,435","29,372","32,911","32,120","34,478"
E12000002,North West,E08000014,Sefton,"19,277","19,596","20,934","22,531","21,675","23,127","24,039","23,225","23,776","23,760","25,166","25,328","25,184","24,569","25,517","26,801","28,330","28,015","29,543","30,309","31,027","33,645","36,590"
E12000002,North West,E08000015,Wirral,"19,857","20,490","22,057","23,607","23,090","23,128","23,612","24,916","26,073","25,578","25,730","26,712","27,545","28,106","28,183","27,561","27,708","29,463","28,997","29,503","32,393","34,746","36,355"
E12000003,Yorkshire and The Humber,E06000010,"Kingston upon Hull, City of","16,789","17,344","17,642","19,280","19,371","20,169","21,472","20,236","21,065","21,171","22,235","22,789","22,112","22,691","23,580","23,127","23,689","25,461","24,820","26,248","26,467","28,673","30,586"
E12000003,Yorkshire and The Humber,E06000011,East Riding of Yorkshire,"20,313","21,051","22,439","23,956","24,868","26,839","27,407","27,798","27,485","26,706","26,474","26,701","27,535","26,309","26,989","27,500","28,753","30,446","31,667","30,342","32,592","33,144","36,648"
E12000003,Yorkshire and The Humber,E06000012,North East Lincolnshire,"18,145","19,095","19,244","20,087","20,209","20,651","21,877","23,453","22,493","23,213","24,804","24,364","23,916","23,798","26,400","23,432","25,582","27,457","28,583","28,056","28,784","31,946","34,575"
E12000003,Yorkshire and The Humber,E06000013,North Lincolnshire,"21,639","21,665","21,892","25,620","24,780","25,195","24,936","24,681","25,517","26,255","26,327","27,365","27,535","28,427","28,091","27,246","28,464","28,468","29,204","29,352","29,854","31,025","34,840"
E12000003,Yorkshire and The Humber,E06000014,York,"20,272","21,146","22,489","24,077","23,218","25,184","25,531","25,951","24,637","25,437","26,428","27,555","26,125","25,622","26,096","25,956","26,688","28,555","30,054","31,007","32,940","32,587","35,908"
E12000003,Yorkshire and The Humber,E06000065,North Yorkshire,[x],"19,618","20,509","21,880","22,011","22,881","23,103","24,668","24,835","24,444","24,724","24,999","25,184","26,389","26,918","26,921","27,911","30,076","29,874","29,963","31,073","33,069","35,414"
E12000003,Yorkshire and The Humber,E08000016,Barnsley,"17,831","18,550","19,517","20,565","21,042","20,906","22,736","24,964","23,989","23,856","23,698","24,313","24,779","25,590","24,313","25,107","25,370","26,466","27,181","27,743","28,494","31,074","34,511"
E12000003,Yorkshire and The Humber,E08000017,Doncaster,"18,079","18,827","19,508","20,079","21,276","21,617","23,210","23,105","23,465","23,706","23,948","24,287","25,210","23,943","24,616","24,897","26,980","27,388","29,008","28,733","30,253","31,679","35,035"
E12000003,Yorkshire and The Humber,E08000018,Rotherham,"19,635","19,448","20,088","21,021","21,273","22,275","22,213","23,055","23,382","23,783","23,654","24,810","23,420","25,005","24,839","25,803","25,959","26,317","28,404","26,601","28,830","31,790","34,258"
E12000003,Yorkshire and The Humber,E08000019,Sheffield,"18,975","19,513","20,764","21,668","22,261","22,380","23,835","24,163","24,526","24,227","24,469","24,620","24,713","25,285","26,069","26,897","27,665","28,438","28,360","30,557","31,290","33,435","36,598"
E12000003,Yorkshire and The Humber,E08000032,Bradford,"17,950","17,998","18,829","19,414","19,766","20,094","20,569","21,617","22,247","21,675","22,195","23,468","23,242","23,463","24,189","24,896","25,137","26,029","27,974","28,431","29,673","31,096","32,116"
E12000003,Yorkshire and The Humber,E08000033,Calderdale,"18,701","19,947","20,419","21,121","21,989","22,674","24,125","25,986","23,804","24,327","24,980","25,279","25,530","25,448","27,751","27,089","28,101","28,514","28,030","27,682","30,274","31,607","36,613"
E12000003,Yorkshire and The Humber,E08000034,Kirklees,"19,401","20,295","20,420","22,131","23,087","23,689","24,457","23,936","24,161","24,719","25,285","25,291","25,294","24,999","25,599","26,318","27,176","27,458","28,851","27,832","31,211","32,813","34,157"
E12000003,Yorkshire and The Humber,E08000035,Leeds,"18,923","20,301","21,097","22,120","22,322","22,579","23,688","24,752","24,607","24,559","24,480","26,194","26,141","26,333","27,815","27,818","28,042","28,908","30,249","30,800","32,335","33,907","36,318"
E12000003,Yorkshire and The Humber,E08000036,Wakefield,"18,264","19,183","20,458","20,497","21,151","21,815","23,076","22,995","22,297","22,014","22,815","22,907","22,984","23,561","24,287","24,933","26,033","26,632","26,106","27,984","28,918","29,837","32,485"
E12000004,East Midlands,E06000015,Derby,"20,786","21,453","22,081","23,769","23,350","21,372","24,793","26,529","26,413","26,274","27,211","26,481","27,442","28,279","28,376","28,633","31,954","30,365","31,465","30,715","30,742","33,312","35,063"
E12000004,East Midlands,E06000016,Leicester,"16,186","17,350","17,720","18,900","19,130","20,232","20,091","20,845","20,932","21,323","20,777","21,785","22,135","21,417","21,996","21,830","22,189","23,748","24,711","25,266","27,646","28,547","29,839"
E12000004,East Midlands,E06000017,Rutland,"19,332","23,227","21,095","21,586","21,998","23,975","24,977","26,339","25,061","25,925","24,336","24,793","25,416","28,591","27,953","28,814","27,880","30,175","32,489","32,620","33,254","36,161","40,227"
E12000004,East Midlands,E06000018,Nottingham,"17,611","17,873","19,142","20,403","21,025","21,793","20,419","22,681","22,098","23,000","22,645","22,308","22,016","22,580","23,360","23,493","23,293","25,078","25,216","25,050","27,016","28,495","29,983"
E12000004,East Midlands,E06000061,North Northamptonshire,[x],"20,189","21,053","21,365","22,000","22,359","22,799","24,120","24,587","24,936","25,558","25,666","25,620","26,370","26,936","26,972","27,339","28,003","29,609","29,575","31,542","31,993","36,612"
E12000004,East Midlands,E06000062,West Northamptonshire,[x],"23,032","22,990","24,247","24,374","25,226","25,901","26,450","25,858","26,419","26,672","28,117","27,245","27,569","27,785","28,112","28,885","30,642","30,299","30,395","33,548","34,158","37,170"
E12000004,East Midlands,E07000032,Amber Valley,"19,103","19,766","20,574","22,899","22,450","21,961","24,291","23,965","24,685","24,719","25,259","25,349","25,660","26,694","27,832","30,031","29,696","29,602","33,614","31,389","30,538","32,645","35,771"
E12000004,East Midlands,E07000033,Bolsover,"16,327","17,568","19,632","19,643","20,969","23,017","21,816","23,654","23,548","21,716","25,786","23,216","23,757","22,512","24,659","23,587","24,912","25,781","27,576","26,409","27,327","26,174","31,851"
E12000004,East Midlands,E07000034,Chesterfield,"18,957","20,076","20,279","22,231","22,105","21,893","23,413","23,309","23,879","24,226","23,890","24,340","24,163","25,731","25,775","25,843","26,008","26,551","27,590","26,705","30,621","29,819","32,234"
E12000004,East Midlands,E07000035,Derbyshire Dales,"24,000","22,506","23,784","25,453","23,812","25,822","28,512","29,333","29,491","28,501","28,035","28,369","28,688","26,804","31,058","31,356","30,906","31,887","35,011","28,284","33,747","36,796","39,979"
E12000004,East Midlands,E07000036,Erewash,"19,345","19,378","21,284","21,692","22,048","22,968","24,048","25,457","23,813","24,368","26,100","27,475","26,283","26,232","26,940","26,863","27,622","29,222","29,529","29,980","32,171","33,692","35,331"
E12000004,East Midlands,E07000037,High Peak,"21,926","21,682","22,081","22,771","23,395","22,424","24,412","26,110","25,850","25,949","26,210","26,713","26,728","25,497","25,429","28,654","28,246","27,581","29,357","28,680","29,989","34,009","34,215"
E12000004,East Midlands,E07000038,North East Derbyshire,"18,483","19,703","19,886","21,401","22,100","22,727","23,962","24,382","25,149","25,725","24,771","25,706","25,836","27,012","27,838","26,523","28,919","28,442","28,150","29,309","30,798","33,227","35,713"
E12000004,East Midlands,E07000039,South Derbyshire,"21,038","21,968","23,566","23,003","23,046","23,104","25,945","24,370","24,519","24,722","26,381","27,593","27,415","26,664","29,290","30,028","32,974","32,047","35,269","32,746","33,755","37,418","37,780"
E12000004,East Midlands,E07000129,Blaby,"20,203","21,670","22,884","24,754","23,184","23,548","26,078","28,239","27,531","27,190","26,636","27,502","27,656","27,466","30,372","30,294","29,618","30,834","35,234","29,036","33,101","33,265","35,842"
E12000004,East Midlands,E07000130,Charnwood,"19,940","19,750","20,952","22,696","24,093","23,507","25,094","25,338","25,463","25,404","25,177","26,991","27,112","27,584","28,462","27,279","29,660","31,622","30,232","28,691","31,788","35,223","38,004"
E12000004,East Midlands,E07000131,Harborough,"23,823","24,669","23,961","25,403","24,897","25,574","27,521","26,996","28,645","29,942","30,801","29,352","30,000","29,997","33,032","36,117","35,000","34,701","36,747","36,307","34,281","34,685","40,600"
E12000004,East Midlands,E07000132,Hinckley and Bosworth,"20,006","20,087","22,192","23,466","24,167","22,994","24,270","26,561","25,176","25,634","25,510","25,116","25,221","25,350","26,085","27,384","28,713","29,453","29,174","30,754","31,503","33,808","33,069"
E12000004,East Midlands,E07000133,Melton,"18,883","23,018","23,737","24,732","23,311","24,985","24,996","25,450","24,605","23,530","23,238","23,440","24,026","25,212","25,468","26,815","27,112","26,209","27,673","24,128","33,273","30,766","30,789"
E12000004,East Midlands,E07000134,North West Leicestershire,"19,013","20,567","21,274","22,069","22,501","23,169","25,753","25,707","24,197","24,758","25,118","25,344","25,769","25,518","25,975","26,638","29,870","30,092","30,209","31,354","35,899","35,304","38,302"
E12000004,East Midlands,E07000135,Oadby and Wigston,"19,604","19,501","19,786","21,532","21,844","20,481","24,235","25,016","25,548","26,598","24,474","23,670","22,784","21,157","24,000","26,120","27,031","27,051","34,204","26,417","30,160","32,233","32,084"
E12000004,East Midlands,E07000136,Boston,"17,148","18,058","17,863","18,272","18,772","20,875","20,151","20,364","20,373","20,444","20,494","20,915","20,719","20,376","21,837","21,089","21,491","22,459","24,275","24,591","25,024","30,591","29,503"
E12000004,East Midlands,E07000137,East Lindsey,"16,889","16,882","17,610","19,032","19,334","19,764","20,662","21,960","21,344","22,227","23,186","24,336","24,102","24,111","25,017","24,468","25,676","25,659","26,304","26,015","28,899","29,997","31,808"
E12000004,East Midlands,E07000138,Lincoln,"17,975","17,706","19,046","19,791","19,898","20,320","20,735","22,778","24,393","22,919","23,000","24,152","24,149","22,977","24,465","23,272","24,908","26,326","28,777","25,604","30,983","31,395","32,831"
E12000004,East Midlands,E07000139,North Kesteven,"17,536","17,717","18,453","19,718","20,681","20,550","21,824","23,165","22,882","21,862","23,846","24,890","25,840","26,510","26,089","27,441","30,667","28,434","31,089","31,219","29,201","33,810","36,963"
E12000004,East Midlands,E07000140,South Holland,"19,703","20,112","19,550","20,520","20,778","20,547","21,708","23,139","23,994","23,384","24,410","24,102","24,407","23,848","25,292","24,936","25,781","26,830","30,182","30,476","29,976","33,409","32,992"
E12000004,East Midlands,E07000141,South Kesteven,"19,609","20,964","21,289","22,887","22,745","23,876","25,029","24,740","25,482","26,251","26,607","27,225","25,896","24,893","24,935","26,470","26,482","28,700","27,416","28,911","31,913","32,178","35,019"
E12000004,East Midlands,E07000142,West Lindsey,"20,490","21,465","20,890","20,185","21,417","21,182","21,954","23,802","26,155","24,385","25,290","26,333","23,416","25,040","25,486","27,959","29,330","29,789","30,286","31,131","34,063","33,586","34,637"
E12000004,East Midlands,E07000170,Ashfield,"17,262","18,054","19,370","19,436","20,018","19,595","20,173","22,235","21,214","21,020","21,049","21,690","23,291","23,923","24,258","24,664","25,348","26,074","26,446","27,359","30,091","30,094","32,151"
E12000004,East Midlands,E07000171,Bassetlaw,"17,955","19,650","20,733","21,569","22,144","23,593","23,885","25,164","24,340","23,720","24,107","24,826","25,450","25,212","26,444","26,056","28,436","28,231","28,975","26,282","28,408","31,212","33,689"
E12000004,East Midlands,E07000172,Broxtowe,"20,363","21,294","22,040","22,163","23,211","23,320","26,310","26,092","25,935","24,880","26,818","27,142","28,266","29,171","30,678","29,428","29,195","31,669","31,847","32,375","30,833","35,365","38,535"
E12000004,East Midlands,E07000173,Gedling,"20,395","20,188","21,133","23,149","21,659","24,725","25,014","25,074","23,541","25,034","26,256","26,379","26,022","26,693","27,746","27,680","28,628","29,339","30,042","30,321","30,144","34,073","35,090"
E12000004,East Midlands,E07000174,Mansfield,"17,545","17,998","18,372","19,532","20,149","21,166","22,149","22,234","22,436","20,519","21,044","21,155","21,931","22,995","22,519","23,374","23,725","24,348","25,173","26,441","28,182","28,431","33,083"
E12000004,East Midlands,E07000175,Newark and Sherwood,"18,969","19,420","19,403","21,024","22,903","21,136","21,787","23,401","22,697","22,259","22,951","22,797","24,098","24,101","25,125","24,785","27,562","26,578","30,703","30,811","33,007","33,997","35,387"
E12000004,East Midlands,E07000176,Rushcliffe,"25,843","27,098","27,369","28,480","28,973","28,689","31,209","33,560","32,892","32,558","32,307","33,330","32,442","31,969","35,113","36,520","34,891","35,545","35,262","34,474","36,154","40,395","39,736"
E12000005,West Midlands,E06000019,"Herefordshire, County of","17,865","18,538","19,274","19,613","19,610","20,889","21,695","22,002","20,681","20,561","21,022","21,241","22,972","22,601","25,004","23,328","25,153","26,235","28,463","29,243","29,482","31,706","32,897"
E12000005,West Midlands,E06000020,Telford and Wrekin,"18,301","18,824","19,781","20,134","20,277","22,086","22,787","22,348","22,382","22,802","23,039","23,489","23,505","25,022","25,472","24,246","25,923","27,671","27,902","28,169","30,684","33,146","33,981"
E12000005,West Midlands,E06000021,Stoke-on-Trent,"15,920","16,737","17,502","18,184","18,948","19,430","21,061","21,248","21,246","21,223","22,048","22,058","22,231","22,230","22,786","23,739","24,865","25,391","26,995","26,487","28,048","30,062","30,520"
E12000005,West Midlands,E06000051,Shropshire,[x],"19,631","20,964","21,928","21,823","23,331","23,891","24,650","25,424","25,078","24,775","27,515","25,346","25,563","27,264","27,193","27,633","29,584","30,105","29,517","32,945","34,511","36,563"
E12000005,West Midlands,E07000192,Cannock Chase,"18,673","18,446","19,253","21,479","23,120","22,499","24,583","23,054","23,437","23,926","22,867","24,565","24,158","26,601","26,140","27,851","26,947","27,986","27,352","29,368","28,977","29,264","31,977"
E12000005,West Midlands,E07000193,East Staffordshire,"19,160","19,100","21,726","21,564","21,729","21,584","23,041","23,027","23,340","23,967","24,148","25,853","24,892","25,124","26,765","26,103","26,360","26,662","29,485","28,054","31,554","31,174","35,938"
E12000005,West Midlands,E07000194,Lichfield,"21,560","21,832","23,481","24,386","24,726","23,726","25,577","27,985","28,072","27,653","29,445","29,997","29,254","30,988","31,725","30,369","31,700","34,038","36,396","35,042","35,986","40,182","38,900"
E12000005,West Midlands,E07000195,Newcastle-under-Lyme,"16,999","18,865","19,846","21,146","20,983","23,610","24,025","23,272","23,983","22,394","22,822","24,734","24,313","24,640","25,862","24,907","26,274","26,619","29,040","29,584","30,027","32,566","34,442"
E12000005,West Midlands,E07000196,South Staffordshire,"20,737","21,537","21,689","24,430","25,049","24,513","26,489","25,303","26,217","26,304","27,079","27,626","26,404","28,505","28,811","30,322","30,942","32,611","36,519","32,949","34,403","37,483","37,579"
E12000005,West Midlands,E07000197,Stafford,"20,533","19,463","21,287","21,946","22,784","23,686","24,986","24,690","24,839","25,856","27,429","28,497","28,109","28,101","28,793","28,581","29,323","30,800","31,066","31,346","34,131","37,444","41,018"
E12000005,West Midlands,E07000198,Staffordshire Moorlands,"20,139","20,801","19,245","22,714","23,994","23,792","25,725","24,474","25,956","24,917","26,043","26,276","27,531","26,948","26,953","27,525","27,389","30,738","29,584","31,295","31,953","37,183","37,311"
E12000005,West Midlands,E07000199,Tamworth,"20,277","22,100","22,408","23,705","23,208","23,966","27,182","26,068","25,677","25,556","26,519","24,929","23,526","23,790","25,616","25,100","27,503","27,436","25,604","27,523","33,721","34,879","36,570"
E12000005,West Midlands,E07000218,North Warwickshire,"18,644","20,047","20,700","23,234","22,614","25,500","25,472","25,552","24,610","26,548","26,339","26,133","25,118","26,329","29,010","29,884","29,749","32,968","31,388","31,145","33,693","36,885","38,000"
E12000005,West Midlands,E07000219,Nuneaton and Bedworth,"18,996","20,220","20,787","21,763","23,372","23,888","24,901","24,223","24,831","25,150","25,292","26,335","25,410","25,336","25,031","27,541","26,927","27,771","28,734","28,853","29,976","29,965","34,595"
E12000005,West Midlands,E07000220,Rugby,"21,367","22,665","22,794","24,732","24,954","24,972","26,018","26,835","27,834","26,937","29,134","29,691","29,342","30,593","28,813","30,708","32,537","32,029","32,429","33,386","35,290","37,769","39,694"
E12000005,West Midlands,E07000221,Stratford-on-Avon,"23,456","24,830","26,265","26,409","27,635","28,161","29,978","28,472","26,193","27,935","27,493","29,968","28,014","28,509","31,137","31,649","31,996","32,773","33,371","34,610","36,943","36,751","38,596"
E12000005,West Midlands,E07000222,Warwick,"22,768","22,348","25,605","26,541","25,388","25,748","27,223","28,653","26,526","28,619","28,731","29,024","28,731","30,188","31,496","32,926","33,449","33,762","35,675","36,238","36,613","41,251","41,760"
E12000005,West Midlands,E07000234,Bromsgrove,"23,280","25,982","27,401","26,716","27,900","27,989","28,977","30,391","30,237","29,633","29,423","32,028","30,829","31,598","30,984","33,752","34,328","34,491","34,047","34,593","37,991","38,339","40,259"
E12000005,West Midlands,E07000235,Malvern Hills,"21,194","22,002","23,248","24,297","25,332","27,929","30,754","29,550","25,436","23,339","23,457","27,920","23,260","26,077","26,380","31,469","26,803","29,146","29,550","31,566","32,019","38,504","40,651"
E12000005,West Midlands,E07000236,Redditch,"18,845","19,383","20,386","21,482","20,278","20,468","20,316","22,482","23,290","22,164","22,046","23,034","21,404","21,189","22,838","24,529","24,482","25,894","26,202","25,723","26,671","30,992","33,133"
E12000005,West Midlands,E07000237,Worcester,"20,869","19,939","20,560","23,062","24,191","23,617","24,877","23,839","25,006","26,034","25,837","26,535","27,337","27,247","26,522","28,578","28,441","29,011","27,598","29,987","32,555","35,804","35,347"
E12000005,West Midlands,E07000238,Wychavon,"19,491","20,474","21,176","21,946","21,825","22,304","23,264","25,216","24,298","26,595","25,349","25,203","26,405","27,309","28,019","28,968","29,998","30,723","28,601","28,219","31,885","34,006","34,099"
E12000005,West Midlands,E07000239,Wyre Forest,"18,392","19,060","18,301","19,772","19,984","21,929","21,787","21,394","21,951","20,442","21,479","23,100","22,973","25,647","25,259","25,060","26,024","27,233","30,212","28,700","31,089","30,102","33,663"
E12000005,West Midlands,E08000025,Birmingham,"19,742","19,925","20,772","21,265","22,208","22,225","22,846","23,666","23,868","24,042","24,036","24,397","25,014","25,049","25,994","26,738","27,853","27,501","29,341","28,884","30,835","32,339","33,952"
E12000005,West Midlands,E08000026,Coventry,"19,040","20,555","21,436","22,614","22,505","21,672","22,753","23,506","23,311","24,986","24,825","26,055","25,090","26,913","27,969","28,412","28,746","28,747","29,589","30,663","34,097","34,979","34,994"
E12000005,West Midlands,E08000027,Dudley,"19,091","18,636","19,191","20,000","20,850","21,892","23,057","21,949","22,265","23,196","23,950","24,368","24,882","25,635","26,845","27,258","27,275","29,218","31,091","29,298","30,165","31,615","34,909"
E12000005,West Midlands,E08000028,Sandwell,"17,291","17,947","18,709","19,574","19,599","20,339","21,231","21,768","22,357","21,882","22,516","22,363","21,739","22,991","23,201","23,832","24,668","24,878","25,938","26,615","27,460","29,761","31,915"
E12000005,West Midlands,E08000029,Solihull,"22,998","23,462","24,668","24,708","26,009","26,724","27,621","28,382","28,269","28,815","29,527","31,131","30,736","31,988","32,000","31,906","33,763","34,150","34,671","35,515","37,346","38,931","41,333"
E12000005,West Midlands,E08000030,Walsall,"17,741","18,003","18,678","19,634","20,157","20,503","22,535","22,053","22,108","21,652","22,502","22,348","22,679","23,938","24,268","24,081","24,846","26,334","27,755","28,444","28,321","30,480","32,624"
E12000005,West Midlands,E08000031,Wolverhampton,"17,936","18,236","18,565","19,800","20,010","21,216","22,574","21,598","21,409","21,553","23,192","23,777","22,796","23,096","23,085","24,047","24,964","25,463","25,609","27,993","29,707","30,475","33,205"
E12000006,East of England,E06000031,Peterborough,"19,680","20,407","20,104","20,314","20,634","21,244","22,469","23,196","23,992","23,788","24,181","23,921","24,277","24,028","24,760","24,245","25,250","27,235","27,996","28,644","30,535","33,094","35,566"
E12000006,East of England,E06000032,Luton,"19,572","22,235","22,529","22,029","23,158","22,173","23,803","24,725","23,997","24,675","24,505","25,158","25,514","26,229","26,735","28,777","27,934","29,940","29,472","28,893","31,080","32,698","33,202"
E12000006,East of England,E06000033,Southend-on-Sea,"21,354","21,569","23,642","23,990","23,856","25,367","25,716","27,307","27,695","27,487","27,829","26,658","28,931","28,395","29,592","30,099","31,968","32,252","33,092","35,646","33,481","39,499","42,315"
E12000006,East of England,E06000034,Thurrock,"24,854","24,174","24,589","24,201","24,345","25,379","27,693","28,285","27,999","27,383","27,775","28,998","28,688","30,151","29,643","29,696","30,248","31,553","33,574","35,077","35,840","36,942","40,659"
E12000006,East of England,E06000055,Bedford,"20,809","20,946","23,524","23,065","22,860","25,989","28,031","26,508","27,654","26,714","26,976","28,766","28,042","28,030","29,564","30,250","29,741","31,624","34,562","31,039","33,499","34,921","38,924"
E12000006,East of England,E06000056,Central Bedfordshire,[x],"25,504","26,844","27,770","27,895","28,003","28,386","30,199","29,174","28,243","28,859","30,101","30,074","30,772","32,266","31,507","32,266","34,868","36,229","35,000","39,601","41,291","42,946"
E12000006,East of England,E07000008,Cambridge,"22,552","23,556","26,103","24,826","26,504","27,127","29,214","27,935","30,696","29,434","29,490","31,109","31,430","31,345","31,014","32,247","32,980","34,275","34,919","36,868","38,628","41,422","44,793"
E12000006,East of England,E07000009,East Cambridgeshire,"20,724","21,981","24,337","22,569","24,561","25,234","25,181","27,321","28,193","28,715","28,009","27,578","27,419","29,418","28,252","30,180","29,474","32,182","32,743","32,454","33,299","36,759","37,318"
E12000006,East of England,E07000010,Fenland,"17,606","19,436","20,652","21,088","21,157","22,450","21,518","22,628","22,675","23,874","23,837","24,255","24,459","24,727","26,454","26,419","27,708","27,935","28,678","27,148","31,119","34,307","34,864"
E12000006,East of England,E07000011,Huntingdonshire,"23,674","24,199","25,646","24,823","24,800","25,369","26,256","28,789","29,019","29,084","28,522","28,032","28,816","29,051","29,445","30,694","31,760","31,699","31,140","30,521","32,425","35,422","37,102"
E12000006,East of England,E07000012,South Cambridgeshire,"20,945","23,219","24,118","26,719","27,515","28,939","31,706","30,835","32,262","31,353","32,770","34,307","33,508","31,567","35,425","35,432","37,414","40,052","38,726","39,441","40,012","42,889","44,214"
E12000006,East of England,E07000066,Basildon,"24,500","24,146","24,908","24,037","25,568","26,030","26,632","27,976","28,192","28,395","29,416","30,449","30,347","29,217","30,560","29,839","31,084","32,748","32,597","32,749","33,642","36,542","40,747"
E12000006,East of England,E07000067,Braintree,"21,590","23,433","23,612","24,300","24,173","26,047","26,664","26,797","27,358","28,114","30,257","30,657","31,331","30,722","31,481","31,793","32,464","33,681","33,294","31,900","36,073","36,825","40,437"
E12000006,East of England,E07000068,Brentwood,"27,897","29,764","34,628","33,012","35,367","34,468","36,229","35,427","36,104","37,737","36,027","39,445","40,565","39,862","41,929","41,499","39,691","41,542","44,005","34,719","42,757","49,944","50,063"
E12000006,East of England,E07000069,Castle Point,"21,778","24,127","24,992","26,887","26,198","25,967","28,129","29,775","24,712","25,636","27,372","26,141","29,333","28,697","28,429","32,700","31,036","33,472","33,985","32,392","35,777","33,946","40,165"
E12000006,East of England,E07000070,Chelmsford,"24,259","24,868","26,044","27,374","27,154","28,448","28,629","29,055","29,948","31,198","32,593","30,212","30,657","31,815","31,822","31,767","30,812","32,562","35,023","37,221","35,769","37,042","39,708"
E12000006,East of England,E07000071,Colchester,"23,078","21,918","23,048","25,372","25,559","26,754","26,325","25,282","26,603","27,089","27,139","27,164","28,280","28,515","29,032","30,923","30,906","31,091","32,523","30,974","35,063","36,252","38,703"
E12000006,East of England,E07000072,Epping Forest,"23,887","26,687","28,010","29,888","29,976","29,962","27,817","29,171","30,431","30,677","33,431","32,495","34,804","34,104","35,876","35,106","35,363","37,466","36,688","36,543","37,655","43,983","46,639"
E12000006,East of England,E07000073,Harlow,"20,644","20,813","20,755","21,305","22,387","24,886","23,349","22,131","25,382","24,453","24,769","24,807","25,513","25,447","26,993","27,271","27,558","27,704","27,678","28,139","29,573","32,129","35,069"
E12000006,East of England,E07000074,Maldon,"25,986","26,888","29,272","26,089","27,788","26,480","27,949","32,863","33,104","33,128","34,134","34,516","31,233","33,390","35,097","32,823","31,913","35,068","37,197","35,261","36,973","33,326","36,872"
E12000006,East of England,E07000075,Rochford,"25,424","25,514","28,042","25,999","28,033","29,932","29,596","29,110","27,837","29,793","29,496","30,602","29,112","29,971","34,173","34,496","37,711","37,410","34,134","38,791","37,894","42,224","44,205"
E12000006,East of England,E07000076,Tendring,"18,354","20,411","19,316","21,246","21,555","21,619","24,538","24,166","24,467","24,575","25,307","25,481","25,293","25,427","25,818","27,554","27,011","28,786","28,979","30,053","31,520","33,266","36,730"
E12000006,East of England,E07000077,Uttlesford,"28,232","27,807","29,017","25,433","28,964","30,000","29,652","31,743","31,014","31,159","29,971","30,403","31,019","32,183","35,342","36,704","34,560","36,002","36,479","36,096","38,804","40,740","47,052"
E12000006,East of England,E07000095,Broxbourne,"22,473","24,964","25,313","26,871","26,306","26,886","27,777","28,126","28,730","28,861","29,459","31,172","30,328","32,000","32,020","32,285","33,541","33,300","37,847","34,609","38,930","39,108","40,907"
E12000006,East of England,E07000096,Dacorum,"24,977","26,018","25,724","27,077","27,615","27,961","29,252","31,002","29,493","30,751","29,393","29,988","31,160","31,826","33,747","33,337","33,918","32,943","35,265","33,962","36,339","39,493","41,642"
E12000006,East of England,E07000098,Hertsmere,"26,794","25,841","27,957","28,309","28,992","29,069","28,710","30,273","27,504","28,743","28,984","27,831","26,955","28,746","30,220","31,496","32,942","34,632","35,774","35,325","33,477","38,152","42,168"
E12000006,East of England,E07000099,North Hertfordshire,"24,441","24,326","24,997","26,263","26,968","28,117","30,313","31,230","31,153","32,696","33,264","33,828","33,302","34,427","35,102","36,029","34,796","38,643","39,756","38,413","42,860","43,380","46,098"
E12000006,East of England,E07000102,Three Rivers,"24,873","31,037","31,508","27,664","28,293","33,870","31,657","32,845","33,538","34,141","32,187","34,294","32,215","32,093","32,312","32,371","34,391","32,531","37,929","33,935","37,669","40,464","46,457"
E12000006,East of England,E07000103,Watford,"24,839","25,443","24,918","29,227","29,618","30,987","32,565","30,561","31,299","31,700","33,697","33,890","32,030","31,985","34,006","34,920","30,760","34,329","34,782","31,108","33,318","38,729","42,786"
E12000006,East of England,E07000143,Breckland,"17,935","18,512","18,726","20,053","19,884","19,692","20,993","21,082","21,147","22,179","23,673","22,696","23,264","23,408","24,329","24,050","26,041","26,208","26,582","26,941","30,022","31,934","32,603"
E12000006,East of England,E07000144,Broadland,"19,215","18,869","20,021","20,720","21,792","22,026","22,859","24,113","24,908","26,445","28,374","27,834","26,441","26,531","27,525","27,417","29,091","30,717","32,001","29,171","32,042","34,424","36,503"
E12000006,East of England,E07000145,Great Yarmouth,"17,842","19,067","19,151","18,617","19,546","19,986","22,022","21,569","21,565","22,098","23,104","23,266","24,183","23,684","24,446","24,415","25,175","25,942","28,120","27,294","31,284","32,000","33,048"
E12000006,East of England,E07000146,King's Lynn and West Norfolk,"18,454","19,064","19,145","19,570","19,966","21,467","22,440","23,452","22,281","23,446","24,317","23,684","25,412","25,131","26,405","25,353","27,216","27,430","31,123","28,124","29,224","32,492","34,690"
E12000006,East of England,E07000147,North Norfolk,"17,460","18,520","19,923","18,221","17,548","19,597","21,433","22,582","20,557","22,256","20,439","21,829","24,767","23,902","23,266","24,479","24,529","25,724","27,213","28,011","28,783","28,937","31,049"
E12000006,East of England,E07000148,Norwich,"18,396","18,973","19,306","20,131","21,593","21,555","22,641","23,641","23,798","23,667","22,533","23,889","22,388","23,817","25,289","25,822","25,247","26,812","27,812","29,175","31,644","33,397","34,603"
E12000006,East of England,E07000149,South Norfolk,"19,600","20,410","21,084","22,812","22,083","23,464","24,435","25,206","26,823","26,768","27,301","26,167","27,149","29,386","29,934","27,314","30,903","30,393","30,305","31,492","32,647","34,963","37,743"
E12000006,East of England,E07000200,Babergh,"21,104","21,103","21,782","21,214","23,140","22,399","22,979","25,659","26,381","28,547","25,870","25,186","28,086","27,757","28,473","31,086","29,634","31,581","31,799","30,000","31,163","30,641","35,750"
E12000006,East of England,E07000202,Ipswich,"17,926","19,493","19,630","19,759","22,194","22,356","22,674","22,606","23,548","23,198","24,048","24,200","25,669","25,995","26,824","26,673","26,941","28,353","27,512","28,244","29,505","33,204","34,873"
E12000006,East of England,E07000203,Mid Suffolk,"19,680","21,085","21,474","21,947","22,840","23,437","24,907","24,999","23,424","25,123","23,633","27,075","27,802","29,488","26,853","25,948","27,479","29,480","30,805","30,000","33,200","34,791","38,551"
E12000006,East of England,E07000240,St Albans,[x],"29,345","30,587","33,639","31,585","34,089","35,742","36,681","37,565","37,412","36,841","38,327","39,461","37,488","38,863","39,906","42,600","41,503","43,871","45,451","46,963","48,067","53,829"
E12000006,East of England,E07000241,Welwyn Hatfield,[x],"24,128","24,860","25,403","27,056","27,816","29,516","31,369","30,629","30,297","28,642","29,239","30,721","30,100","31,346","32,453","32,453","32,782","34,193","31,918","36,294","39,359","41,552"
E12000006,East of England,E07000242,East Hertfordshire,[x],"27,182","29,988","30,377","31,300","29,483","34,452","35,988","34,653","31,419","32,805","31,544","31,935","33,014","34,805","35,349","36,006","39,364","40,268","38,996","45,559","46,208","48,678"
E12000006,East of England,E07000243,Stevenage,[x],"22,115","21,961","22,081","23,970","26,014","26,366","26,583","26,517","28,854","28,141","27,429","27,003","28,617","28,831","28,946","31,906","28,982","33,705","27,475","32,801","33,676","36,425"
E12000006,East of England,E07000244,East Suffolk,[x],"20,825","21,555","22,092","23,222","23,938","24,221","25,834","24,383","25,752","24,169","24,785","26,980","26,996","27,782","27,287","27,325","29,687","30,001","28,934","31,394","34,072","34,480"
E12000006,East of England,E07000245,West Suffolk,[x],"18,659","19,656","20,141","21,578","21,796","21,468","22,987","24,614","25,024","23,736","23,604","23,663","25,090","26,725","28,543","28,558","28,240","29,477","29,137","31,955","34,439","35,560"
E12000007,London,E09000001,City of London,"38,178",[x],[x],[x],[x],[x],[x],"40,051",[x],"52,537",[x],[x],[x],[x],"53,956",[x],"53,857",[x],[x],[x],"52,892",[x],[x]
E12000007,London,E09000002,Barking and Dagenham,"22,854","21,878","21,690","22,794","25,197","25,519","25,620","28,624","26,498","25,915","26,976","28,403","27,173","28,511","28,012","30,200","29,313","29,363","32,852","32,668","33,457","34,721","38,044"
E12000007,London,E09000003,Barnet,"26,415","26,513","28,787","29,567","29,061","29,512","31,440","33,041","32,674","32,490","32,331","32,964","32,138","33,072","33,459","37,340","35,645","36,292","36,411","35,719","37,628","41,817","44,962"
E12000007,London,E09000004,Bexley,"23,757","25,298","26,333","27,024","28,001","28,911","30,859","31,018","31,262","32,041","32,332","32,930","32,362","31,987","34,109","33,453","34,857","36,932","39,912","37,074","41,568","42,614","44,615"
E12000007,London,E09000005,Brent,"22,109","22,208","24,078","24,516","25,240","25,370","28,629","27,687","27,145","26,808","28,492","28,026","30,276","29,775","29,589","30,347","30,335","31,746","34,172","34,130","36,470","37,771","39,133"
E12000007,London,E09000006,Bromley,"26,237","27,908","29,169","30,873","31,831","32,446","34,718","35,353","34,514","34,111","35,980","36,209","36,428","36,750","37,657","40,184","40,000","41,008","43,704","41,427","43,582","47,145","47,354"
E12000007,London,E09000007,Camden,"27,904","30,310","28,357","31,109","33,244","35,087","36,764","36,762","36,421","35,110","37,230","37,619","37,282","39,757","39,810","39,537","41,691","42,416","41,848","39,994","41,669","45,026","44,529"
E12000007,London,E09000008,Croydon,"24,570","25,467","25,321","26,398","27,083","27,631","29,415","30,126","29,998","30,268","30,514","31,176","31,976","32,845","32,523","33,541","35,861","35,172","37,570","36,309","38,308","41,233","43,815"
E12000007,London,E09000009,Ealing,"25,607","24,799","26,213","26,465","27,369","28,209","28,991","30,979","28,604","30,366","30,477","29,747","30,125","28,945","31,237","32,929","33,019","31,769","36,482","35,028","36,091","39,285","41,301"
E12000007,London,E09000010,Enfield,"24,038","23,722","25,858","25,534","26,704","27,794","27,950","28,980","29,385","29,041","29,668","29,642","30,558","30,921","30,843","30,920","30,919","32,997","33,088","35,816","36,908","40,250","43,423"
E12000007,London,E09000011,Greenwich,"23,806","25,887","25,857","26,341","26,965","29,077","29,677","32,365","31,537","30,603","30,797","31,469","30,735","31,396","32,433","33,145","35,988","35,953","36,670","35,590","37,960","40,279","44,598"
E12000007,London,E09000012,Hackney,"23,741","23,920","24,146","26,674","25,310","27,663","30,070","30,003","30,627","32,034","30,735","32,215","32,771","32,153","32,211","34,816","33,652","35,974","37,440","36,241","41,481","42,726","46,308"
E12000007,London,E09000013,Hammersmith and Fulham,"29,236","29,636","30,733","29,398","31,948","33,839","36,128","37,050","37,229","35,087","38,066","38,066","36,864","37,855","38,009","40,092","39,420","42,104","41,267","39,559","41,325","45,791","48,504"
E12000007,London,E09000014,Haringey,"24,187","25,248","26,606","27,428","28,590","29,104","29,943","29,829","29,469","30,407","30,149","29,153","30,641","30,838","30,754","32,965","33,254","35,757","35,653","36,518","37,839","41,787","44,708"
E12000007,London,E09000015,Harrow,"24,624","24,464","25,929","26,795","26,992","29,260","32,268","31,984","31,660","31,006","29,833","32,280","31,511","32,665","33,400","34,219","35,000","35,325","38,347","38,712","40,102","41,090","44,264"
E12000007,London,E09000016,Havering,"24,521","25,689","26,786","28,963","28,508","28,988","31,391","30,602","30,800","30,193","32,033","31,349","31,269","32,062","33,234","32,986","34,145","33,892","36,017","35,891","36,186","41,078","44,790"
E12000007,London,E09000017,Hillingdon,"24,580","25,696","27,114","27,452","26,434","28,609","28,663","28,956","29,843","30,734","31,417","31,174","31,611","32,809","33,500","31,618","30,605","31,340","35,155","35,882","39,288","40,935","42,201"
E12000007,London,E09000018,Hounslow,"23,994","24,379","24,287","26,179","25,600","26,453","27,714","28,121","29,053","29,236","30,000","30,037","30,099","29,323","30,901","31,792","32,162","34,682","34,804","32,548","36,905","38,444","39,532"
E12000007,London,E09000019,Islington,"26,968","28,166","28,838","29,997","31,996","32,589","32,740","34,026","33,971","36,241","38,075","35,446","36,833","35,442","36,635","37,972","45,000","43,715","46,706","43,236","42,583","45,688","49,186"
E12000007,London,E09000020,Kensington and Chelsea,"36,519","36,681","44,815","42,357","44,695","41,011","43,583","48,582","46,143","47,492","41,047","45,497","45,493","40,249","38,350","44,601","43,370","47,027","47,826","50,457","41,707","52,000","52,622"
E12000007,London,E09000021,Kingston upon Thames,"26,543","27,663","27,170","28,655","30,415","32,875","30,852","33,172","33,600","34,898","35,791","36,414","36,693","36,778","38,034","37,594","38,055","38,561","41,255","40,362","44,042","45,908","44,942"
E12000007,London,E09000022,Lambeth,"23,448","26,955","25,967","27,392","26,963","28,836","29,507","32,352","33,572","34,079","32,497","33,525","32,741","33,258","33,315","34,266","38,000","36,969","42,040","40,572","41,771","43,412","48,096"
E12000007,London,E09000023,Lewisham,"23,589","25,282","26,795","26,663","27,259","27,297","28,551","29,477","29,876","29,332","31,575","32,470","32,120","31,988","33,080","34,201","33,514","33,754","37,167","35,316","36,929","40,754","44,386"
E12000007,London,E09000024,Merton,"26,303","27,499","27,839","29,321","28,007","29,429","31,801","32,672","32,854","33,037","33,634","33,149","32,677","33,135","34,011","35,708","37,106","37,906","41,998","34,299","38,711","40,315","45,983"
E12000007,London,E09000025,Newham,"20,543","21,705","22,360","24,101","24,455","24,227","25,521","26,154","26,998","26,489","26,679","28,261","25,869","27,144","27,773","29,107","30,871","31,807","32,909","34,920","34,808","38,463","38,802"
E12000007,London,E09000026,Redbridge,"25,560","26,705","25,990","27,751","29,656","31,366","32,878","32,803","33,808","32,202","32,719","32,311","33,087","35,747","33,742","33,201","33,632","35,534","36,573","36,986","38,618","40,845","43,241"
E12000007,London,E09000027,Richmond upon Thames,"33,732","33,342","34,508","35,086","34,867","37,565","39,603","38,126","39,133","41,136","41,051","38,925","39,884","39,534","42,068","40,818","42,338","43,069","49,574","43,570","45,473","47,609","56,048"
E12000007,London,E09000028,Southwark,"24,943","25,046","26,058","27,844","29,632","30,241","31,728","33,371","33,347","33,340","33,818","34,102","32,978","33,921","33,975","35,012","36,159","39,130","38,403","38,087","41,845","44,991","43,723"
E12000007,London,E09000029,Sutton,"23,846","25,930","25,047","27,084","27,234","28,340","29,994","29,681","30,575","29,363","30,656","31,005","31,200","31,413","32,723","32,425","35,758","36,547","34,996","36,498","35,989","40,429","44,043"
E12000007,London,E09000030,Tower Hamlets,"25,283","27,469","28,544","28,729","28,622","32,428","32,896","33,999","34,364","33,805","34,744","35,004","34,461","34,463","36,089","37,643","38,108","42,608","41,590","40,488","39,953","45,446","46,544"
E12000007,London,E09000031,Waltham Forest,"24,589","25,255","25,697","26,164","27,118","27,646","28,986","28,368","28,814","27,017","29,018","27,897","28,088","29,684","30,746","31,419","33,212","34,917","36,875","36,181","40,198","38,554","45,295"
E12000007,London,E09000032,Wandsworth,"30,195","29,736","30,654","31,667","32,106","33,253","34,808","37,186","38,304","36,606","37,177","38,298","39,253","39,557","41,325","40,123","41,724","43,449","46,430","43,590","47,914","50,306","50,490"
E12000007,London,E09000033,Westminster,"28,162","28,478","32,255","32,738","33,272","34,979","38,656","37,309","45,933","41,815","42,938","39,064","40,731","42,833","41,729","43,105","44,712","43,990","44,544","42,062","45,091","50,958","51,034"
E12000008,South East,E06000035,Medway,"21,437","21,499","22,301","22,171","24,055","24,766","26,499","27,280","27,165","28,155","28,616","27,950","29,472","29,239","29,244","30,365","30,514","31,382","33,266","30,154","33,478","35,418","38,329"
E12000008,South East,E06000036,Bracknell Forest,"26,836","25,531","28,218","28,273","28,558","29,917","29,014","30,062","29,960","30,033","30,193","31,436","31,078","31,500","30,968","33,054","31,651","35,121","36,700","36,112","38,926","38,314","41,963"
E12000008,South East,E06000037,West Berkshire,"24,509","25,113","26,378","27,791","29,202","28,375","32,292","30,050","30,579","30,000","31,650","32,731","30,765","32,001","33,537","33,167","32,520","36,320","35,113","34,076","36,073","39,806","43,550"
E12000008,South East,E06000038,Reading,"23,639","25,306","25,672","25,262","24,747","27,280","29,350","30,525","29,601","28,354","31,539","32,162","31,559","29,177","31,237","32,234","33,270","32,812","33,032","36,417","36,378","36,544","40,988"
E12000008,South East,E06000039,Slough,"20,452","20,135","22,229","22,719","23,405","24,577","25,380","26,605","26,408","26,780","27,635","28,134","27,330","28,384","28,276","28,651","31,338","31,990","32,717","34,399","35,572","35,549","38,846"
E12000008,South East,E06000040,Windsor and Maidenhead,"28,769","31,054","31,528","33,083","34,686","33,632","34,918","35,987","34,779","37,451","38,927","37,812","37,977","37,178","37,818","38,986","39,046","40,797","41,320","38,730","39,931","41,489","46,155"
E12000008,South East,E06000041,Wokingham,"29,542","29,264","28,964","32,112","33,260","33,379","35,054","33,753","35,748","36,456","36,499","37,035","35,754","37,486","38,595","36,867","40,392","37,898","38,261","38,927","43,183","45,832","45,702"
E12000008,South East,E06000042,Milton Keynes,"21,029","22,837","24,222","23,527","23,966","25,505","26,140","26,117","26,643","28,299","28,134","29,937","28,915","27,703","29,118","31,436","30,162","32,270","33,256","33,967","36,049","36,905","40,125"
E12000008,South East,E06000043,Brighton and Hove,"22,355","22,081","23,872","23,539","24,317","26,032","27,869","27,765","27,693","28,019","28,107","28,146","29,059","28,293","30,348","30,250","30,061","31,988","33,848","32,710","34,037","34,723","38,556"
E12000008,South East,E06000044,Portsmouth,"19,681","21,148","20,349","21,813","21,788","21,595","22,271","25,081","25,448","24,299","24,781","24,560","26,269","26,528","25,861","26,655","27,402","28,569","27,197","29,215","32,343","32,638","35,060"
E12000008,South East,E06000045,Southampton,"19,159","20,324","21,820","21,895","22,042","22,182","22,067","22,527","23,416","23,743","24,301","24,681","24,907","25,731","26,448","27,430","26,472","28,665","29,926","30,929","33,048","33,157","34,552"
E12000008,South East,E06000046,Isle of Wight,"17,457","20,064","19,262","21,105","21,604","22,630","24,557","23,844","22,297","23,886","24,954","24,044","25,830","25,453","25,278","26,137","25,489","26,168","28,498","27,418","28,912","29,323","33,596"
E12000008,South East,E06000060,Buckinghamshire,"26,002","26,001","27,007","27,058","27,821","28,556","30,492","32,226","31,815","33,045","32,260","31,446","31,700","32,343","32,663","34,616","35,135","35,340","36,349","35,302","38,862","39,505","43,318"
E12000008,South East,E07000061,Eastbourne,"20,966","21,064","21,203","22,489","20,433","23,506","22,072","23,377","25,598","23,496","23,715","24,010","26,945","27,226","25,224","26,815","29,498","29,311","31,417","28,321","31,130","36,626","35,850"
E12000008,South East,E07000062,Hastings,"16,663","16,590","17,924","18,435","19,017","18,152","19,188","20,753","21,711","22,410","21,800","21,914","23,323","24,388","23,722","23,741","23,725","24,672","25,845","26,656","28,745","31,454","33,275"
E12000008,South East,E07000063,Lewes,"22,017","22,022","23,021","23,396","24,383","23,536","25,960","27,201","27,898","27,967","26,691","28,068","29,215","28,841","29,479","32,102","28,661","32,838","31,443","34,090","33,943","33,910","35,298"
E12000008,South East,E07000064,Rother,"20,234","20,721","20,414","21,758","23,082","24,728","26,050","28,240","26,024","25,416","24,625","25,476","25,164","25,923","26,702","29,459","27,582","29,128","29,154","29,922","30,175","32,120","35,320"
E12000008,South East,E07000065,Wealden,"22,264","23,826","23,109","23,529","24,463","25,996","27,543","28,609","30,792","29,494","30,420","28,271","30,066","30,421","30,305","31,226","30,274","31,221","34,654","31,024","32,481","34,766","35,961"
E12000008,South East,E07000084,Basingstoke and Deane,"25,256","23,760","25,869","26,182","25,383","27,685","27,831","28,139","29,360","29,598","30,646","31,471","33,117","31,664","33,485","33,749","33,337","36,127","36,588","36,751","38,780","39,325","43,252"
E12000008,South East,E07000085,East Hampshire,"26,302","27,628","25,751","26,445","28,868","29,924","30,060","30,027","30,637","30,191","31,134","31,321","28,875","29,509","32,054","34,936","35,552","35,756","35,802","33,828","35,502","36,693","42,177"
E12000008,South East,E07000086,Eastleigh,"21,048","22,677","23,559","24,346","24,713","25,892","27,235","29,267","26,885","27,664","28,350","29,155","29,783","29,795","29,658","30,671","29,959","30,434","34,938","34,908","34,542","37,463","39,859"
E12000008,South East,E07000087,Fareham,"22,258","23,715","23,057","23,968","25,559","25,428","27,049","28,280","27,613","28,659","28,727","27,941","30,037","30,202","29,464","30,969","31,230","33,952","32,949","37,110","36,909","39,962","42,635"
E12000008,South East,E07000088,Gosport,"16,578","18,908","18,936","21,153","21,023","22,561","24,993","25,633","25,057","23,600","24,101","25,727","27,415","27,373","27,129","28,134","27,769","28,783","30,127","31,425","32,561","32,385","34,978"
E12000008,South East,E07000089,Hart,"29,734","31,127","32,747","31,762","34,787","34,562","33,247","34,696","36,203","37,662","37,668","34,290","36,788","36,330","35,303","37,801","37,080","37,077","41,311","40,102","42,947","45,199","48,446"
E12000008,South East,E07000090,Havant,"19,338","19,913","20,340","22,698","22,383","23,009","24,007","24,056","24,968","25,388","25,636","28,265","27,436","27,766","27,340","29,190","29,317","29,861","29,854","28,985","29,501","32,130","37,639"
E12000008,South East,E07000091,New Forest,"21,123","22,210","23,113","22,046","23,013","23,928","24,866","25,891","27,055","27,586","28,209","28,839","28,619","27,993","29,545","30,545","30,144","31,145","33,676","31,942","32,103","37,274","36,009"
E12000008,South East,E07000092,Rushmoor,"22,061","24,361","25,623","24,962","27,174","26,384","26,335","27,447","27,497","27,120","26,840","28,260","29,178","28,092","28,797","29,468","32,466","32,083","35,237","35,075","36,538","35,618","38,656"
E12000008,South East,E07000093,Test Valley,"22,709","22,699","24,138","25,358","26,290","25,513","25,202","27,525","26,864","26,554","27,937","28,832","28,694","31,255","32,175","34,501","33,371","33,677","35,090","33,198","36,816","38,008","38,452"
E12000008,South East,E07000094,Winchester,"26,198","27,460","30,379","29,573","29,285","29,956","32,058","34,572","32,634","33,826","34,046","34,757","31,145","33,357","36,313","36,012","39,593","37,664","35,605","37,029","35,355","41,281","45,116"
E12000008,South East,E07000105,Ashford,"21,562","21,590","23,111","22,708","23,575","22,830","24,981","25,019","24,785","26,388","27,286","26,553","25,575","27,883","27,751","29,135","30,198","31,385","30,198","29,419","32,437","32,887","36,605"
E12000008,South East,E07000106,Canterbury,"19,670","21,924","23,162","25,937","25,050","23,076","25,331","26,987","26,172","30,129","27,859","30,055","29,871","32,133","28,517","32,473","30,640","34,618","30,372","30,368","35,009","34,828","36,294"
E12000008,South East,E07000107,Dartford,"23,946","22,627","25,400","24,552","25,612","27,740","29,000","30,419","29,010","30,050","28,692","29,689","30,451","29,143","32,192","32,836","34,560","33,816","37,970","33,413","38,020","38,760","43,516"
E12000008,South East,E07000108,Dover,"19,536","20,244","20,306","21,608","21,986","24,094","26,924","26,005","27,881","26,347","27,189","27,286","27,797","25,969","25,126","25,580","28,882","30,977","34,496","30,223","33,223","34,222","38,985"
E12000008,South East,E07000109,Gravesham,"23,339","22,992","23,917","25,373","27,836","25,755","26,341","28,323","29,089","29,774","28,868","29,033","28,210","28,713","29,668","28,945","30,447","32,577","29,748","31,197","34,712","39,644","37,809"
E12000008,South East,E07000110,Maidstone,"21,572","23,734","23,317","24,870","25,845","27,234","27,138","29,371","29,101","29,744","29,606","26,735","28,231","29,845","29,634","29,964","29,987","30,746","32,404","32,000","34,778","33,305","35,917"
E12000008,South East,E07000111,Sevenoaks,"23,809","25,012","27,969","27,374","28,768","32,499","32,833","31,779","32,489","32,694","30,261","30,212","32,398","30,728","30,907","33,182","31,788","37,470","37,186","38,457","34,888","40,808","45,565"
E12000008,South East,E07000112,Folkestone and Hythe,"19,077","19,078","22,897","22,794","20,958","21,124","24,997","24,726","24,393","25,958","27,345","27,576","25,710","28,223","24,503","27,374","27,247","29,669","30,893","31,964","33,774","34,422","36,515"
E12000008,South East,E07000113,Swale,"20,986","23,249","23,926","23,984","23,581","24,813","25,978","26,972","26,791","29,144","28,919","27,665","28,701","29,617","27,483","29,766","30,872","31,281","31,965","31,580","34,933","37,647","38,388"
E12000008,South East,E07000114,Thanet,"17,403","18,037","19,632","20,139","20,541","23,574","22,647","21,604","21,203","22,016","22,000","24,000","22,652","22,695","24,113","24,919","24,303","26,381","26,864","27,885","29,818","32,866","37,034"
E12000008,South East,E07000115,Tonbridge and Malling,"21,970","23,461","24,725","24,124","26,729","27,347","29,128","30,860","29,711","32,579","30,890","30,707","29,700","34,995","33,490","33,864","35,113","36,248","35,997","36,669","37,677","40,343","38,587"
E12000008,South East,E07000116,Tunbridge Wells,"25,098","24,727","25,835","26,863","27,342","27,459","31,228","31,497","30,945","33,225","34,269","34,435","35,237","35,133","30,000","31,150","35,883","37,345","43,112","35,603","34,252","37,208","45,105"
E12000008,South East,E07000177,Cherwell,"23,002","22,169","22,693","23,987","23,989","23,943","26,183","28,384","29,737","27,901","27,905","27,186","28,013","29,156","31,184","31,238","31,744","31,012","33,235","34,267","35,050","37,429","41,910"
E12000008,South East,E07000178,Oxford,"19,816","21,643","23,643","23,339","25,336","25,291","26,252","26,517","26,507","27,900","26,898","27,437","29,903","30,510","29,753","32,486","33,779","31,558","34,053","34,909","36,768","37,390","40,447"
E12000008,South East,E07000179,South Oxfordshire,"26,054","27,869","27,927","28,016","27,433","30,939","32,540","29,519","31,637","32,042","30,388","31,700","33,327","31,883","34,257","36,910","37,318","38,925","38,600","36,705","39,063","42,313","43,506"
E12000008,South East,E07000180,Vale of White Horse,"23,243","24,378","25,285","27,087","28,825","30,485","31,249","30,277","31,245","30,955","31,344","31,598","32,124","32,035","33,401","35,030","36,922","37,873","37,748","35,447","38,525","38,720","42,606"
E12000008,South East,E07000181,West Oxfordshire,"23,842","24,177","24,542","24,481","24,643","26,091","26,637","28,435","30,037","29,266","30,186","29,491","29,960","31,851","31,266","31,067","34,370","34,851","33,527","31,895","35,287","36,606","43,241"
E12000008,South East,E07000207,Elmbridge,"28,733","29,544","33,204","35,040","37,378","39,468","38,420","36,279","35,453","39,942","39,803","37,632","37,438","38,394","37,997","38,230","42,311","43,110","41,613","42,190","41,833","48,802","50,216"
E12000008,South East,E07000208,Epsom and Ewell,"24,605","27,353","28,320","28,455","28,247","29,242","34,225","32,101","32,928","37,866","35,925","34,849","34,156","35,112","34,669","36,148","36,071","37,624","36,579","35,287","41,520","41,776","44,251"
E12000008,South East,E07000209,Guildford,"26,410","28,404","28,614","30,018","30,275","29,239","30,995","35,512","34,398","33,586","35,368","34,568","32,354","34,136","34,883","36,626","37,895","38,365","40,435","40,129","42,759","40,453","44,602"
E12000008,South East,E07000210,Mole Valley,"28,512","29,370","30,190","32,008","31,467","31,468","29,668","31,559","36,019","32,138","32,481","33,468","32,737","31,023","33,487","34,675","31,383","31,897","30,680","35,677","36,660","40,808","47,777"
E12000008,South East,E07000211,Reigate and Banstead,"25,026","26,406","27,928","28,874","29,703","31,653","34,827","33,895","34,638","34,751","36,314","36,460","35,855","35,018","32,538","34,095","37,400","38,369","39,968","37,680","41,024","43,069","44,728"
E12000008,South East,E07000212,Runnymede,"24,864","26,482","26,894","29,509","29,848","29,046","31,114","31,922","33,172","31,927","32,636","33,120","31,502","31,743","31,163","32,919","31,712","38,899","34,112","36,611","38,097","44,253","47,122"
E12000008,South East,E07000213,Spelthorne,"26,267","28,389","29,442","30,438","29,964","31,959","31,804","31,298","31,729","33,381","32,930","34,341","32,925","34,066","34,997","35,250","34,741","33,591","34,768","38,860","36,978","40,793","40,500"
E12000008,South East,E07000214,Surrey Heath,"27,682","29,525","30,363","32,077","31,478","35,111","33,271","33,273","34,972","33,232","34,489","36,188","35,339","34,183","35,928","38,979","39,847","37,636","39,555","42,272","42,665","44,131","48,095"
E12000008,South East,E07000215,Tandridge,"26,152","28,985","26,113","27,242","28,041","30,507","28,892","29,078","29,744","28,636","30,651","31,553","31,336","31,635","34,021","33,602","35,817","36,113","37,609","37,949","38,695","41,679","40,634"
E12000008,South East,E07000216,Waverley,"26,743","26,679","27,023","30,465","31,069","34,359","34,984","34,080","36,514","34,172","36,938","34,404","38,206","37,625","40,223","39,139","40,374","40,083","41,159","40,699","44,705","46,094","50,042"
E12000008,South East,E07000217,Woking,"25,356","27,532","26,358","27,377","27,330","29,082","29,084","29,355","28,856","29,831","32,834","31,524","31,730","31,028","35,063","36,134","35,170","35,997","40,230","37,265","37,293","42,259","45,481"
E12000008,South East,E07000223,Adur,"21,028","20,923","20,858","19,791","21,457","21,309","21,747","21,292","21,179","21,328","23,221","22,633","23,297","25,227","24,645","24,527","26,771","27,919","30,250","27,685","32,356","32,822","36,655"
E12000008,South East,E07000224,Arun,"17,878","18,346","21,364","20,529","21,407","21,335","24,882","23,304","24,000","22,802","23,878","24,951","24,747","24,942","26,109","26,535","27,914","25,770","28,876","28,778","29,299","29,308","36,840"
E12000008,South East,E07000225,Chichester,"25,882","25,233","21,632","23,936","25,499","24,278","24,003","26,778","25,148","27,990","28,290","26,341","25,678","27,984","30,244","30,676","31,356","34,273","29,953","30,110","33,305","35,086","36,000"
E12000008,South East,E07000226,Crawley,"20,884","22,641","24,536","23,938","26,112","24,622","26,620","26,130","26,623","26,447","27,216","27,221","27,733","28,374","29,626","28,009","28,066","29,388","31,493","31,360","32,659","34,433","38,368"
E12000008,South East,E07000227,Horsham,"23,936","25,410","26,000","27,224","28,656","30,430","31,549","30,438","30,372","32,408","30,529","32,174","31,154","32,746","33,430","32,908","34,111","34,303","34,266","34,472","35,480","37,376","41,643"
E12000008,South East,E07000228,Mid Sussex,"23,179","23,522","24,819","26,855","25,793","27,721","29,335","29,783","30,167","29,882","29,876","29,889","30,575","31,738","33,088","34,066","36,107","35,425","36,721","35,038","36,046","40,498","40,000"
E12000008,South East,E07000229,Worthing,"22,050","22,528","22,015","20,626","21,923","23,028","25,316","25,318","25,214","26,332","25,979","26,610","26,508","26,653","28,061","26,460","28,578","29,668","29,374","30,120","29,920","33,715","37,381"
E12000009,South West,E06000022,Bath and North East Somerset,"21,601","22,943","23,118","22,988","24,754","24,634","25,651","24,938","26,248","25,937","26,864","29,302","27,953","28,151","29,888","29,211","31,902","32,255","31,098","30,203","36,351","38,669","40,218"
E12000009,South West,E06000023,"Bristol, City of","19,756","20,538","21,506","22,064","22,315","22,899","23,874","25,147","25,570","25,235","25,501","25,910","26,541","27,305","27,378","27,924","29,093","30,395","32,339","32,257","34,248","35,858","38,990"
E12000009,South West,E06000024,North Somerset,"21,329","22,559","24,353","25,246","26,040","26,726","26,832","27,216","27,695","28,700","29,037","29,746","29,893","29,486","30,086","30,944","30,246","31,067","34,638","29,834","34,314","36,481","38,430"
E12000009,South West,E06000025,South Gloucestershire,"20,584","21,992","23,628","24,007","24,323","24,711","25,714","25,816","25,956","26,709","27,474","27,344","28,613","29,031","29,739","30,238","30,538","31,636","31,965","31,518","33,108","37,152","39,263"
E12000009,South West,E06000026,Plymouth,"18,365","19,388","20,087","20,008","20,852","20,944","22,939","23,205","23,624","23,673","23,998","24,125","24,493","25,006","24,970","26,979","27,685","25,837","28,165","25,896","27,249","31,690","33,566"
E12000009,South West,E06000027,Torbay,"15,422","16,642","17,709","18,706","19,418","19,310","20,045","19,449","19,571","22,055","21,488","21,923","22,308","22,380","22,412","23,878","24,232","25,912","27,029","26,392","29,068","29,380","30,611"
E12000009,South West,E06000030,Swindon,"20,418","21,546","22,504","22,737","23,417","25,561","26,604","26,507","26,677","26,869","26,912","26,628","27,268","28,123","29,248","28,736","30,018","30,659","31,912","30,595","33,591","35,300","38,035"
E12000009,South West,E06000052,Cornwall,[x],"17,675","18,396","19,003","19,433","20,234","21,006","21,533","22,080","21,752","22,087","22,234","23,290","23,300","24,574","25,008","24,781","25,877","27,244","25,595","29,204","32,714","33,834"
E12000009,South West,E06000053,Isles of Scilly,[x],[x],[x],[x],[x],[x],[x],"13,253",[x],[x],[x],[x],[x],[x],[x],[x],[x],"22,034",[x],[x],[x],[x],[x]
E12000009,South West,E06000054,Wiltshire,"20,568","21,710","23,393","23,102","23,630","24,461","25,451","26,036","25,459","26,622","25,291","26,000","26,854","27,045","26,857","29,132","29,286","29,894","31,172","30,513","33,298","35,268","36,783"
E12000009,South West,E06000058,"Bournemouth, Christchurch and Poole",[x],"19,608","20,380","21,602","21,815","23,438","23,987","25,061","24,089","25,563","26,451","27,340","27,491","27,273","27,309","27,683","29,853","31,086","29,242","28,674","31,639","33,434","35,050"
E12000009,South West,E06000059,Dorset,[x],"19,547","19,764","20,979","22,015","22,638","22,859","24,010","23,223","24,252","25,036","26,035","25,650","26,792","26,210","26,205","27,633","28,942","30,869","30,086","31,244","34,306","34,798"
E12000009,South West,E06000066,Somerset,[x],"19,510","20,213","21,515","21,967","22,470","22,703","24,039","24,428","23,985","24,665","25,044","25,438","25,333","25,343","26,555","27,550","29,188","29,598","28,672","30,284","32,751","34,973"
E12000009,South West,E07000040,East Devon,"17,300","18,214","20,456","20,358","21,912","21,815","21,813","22,566","22,810","23,097","22,836","25,132","24,679","25,586","27,754","26,849","27,601","29,364","29,456","29,302","32,663","34,129","39,414"
E12000009,South West,E07000041,Exeter,"18,191","17,996","19,809","20,165","20,257","20,385","21,430","22,290","22,755","23,006","22,089","23,714","24,151","24,404","27,275","26,202","27,965","29,748","30,897","30,183","31,749","31,744","35,144"
E12000009,South West,E07000042,Mid Devon,"18,909","18,891","20,458","20,947","20,433","20,119","20,120","22,286","21,727","22,095","23,124","23,609","23,451","24,598","25,618","27,353","27,961","27,537","26,961","28,457","29,851","33,289","35,392"
E12000009,South West,E07000043,North Devon,"16,152","17,557","17,239","16,456","17,361","17,942","18,387","18,279","19,772","20,572","21,346","21,019","22,102","22,214","22,554","22,608","23,599","23,932","24,671","26,118","28,880","31,317","31,735"
E12000009,South West,E07000044,South Hams,"20,496","21,249","21,449","23,052","24,674","27,143","26,288","27,121","25,545","25,245","25,869","24,622","28,259","27,596","26,413","27,275","28,182","28,448","29,781","31,339","30,490","33,835","36,221"
E12000009,South West,E07000045,Teignbridge,"17,795","18,604","18,622","19,570","19,361","20,864","24,328","24,297","23,340","22,890","24,063","24,028","23,964","24,617","24,931","23,401","24,516","25,304","25,136","27,384","27,160","28,990","32,449"
E12000009,South West,E07000046,Torridge,"16,695","17,784","17,464","17,218","18,341","19,812","20,787","20,496","20,098","20,670","21,814","21,940","23,723","23,391","23,211","24,710","24,136","25,101","26,932","26,948","29,512","30,610","32,453"
E12000009,South West,E07000047,West Devon,"18,810","20,529","22,212","22,614","22,257","20,565","21,733","24,668","21,789","23,149","23,047","26,068","25,865","25,177","24,492","22,757","26,619","26,346","26,500","25,756","28,559","30,475","33,727"
E12000009,South West,E07000078,Cheltenham,"22,571","23,749","23,034","24,794","26,140","26,069","27,052","28,262","27,273","27,020","28,417","29,645","29,045","29,804","28,264","29,365","29,861","33,209","33,694","34,095","38,064","36,589","40,025"
E12000009,South West,E07000079,Cotswold,"20,373","21,339","22,917","23,054","24,719","25,341","24,545","25,340","23,288","24,393","25,566","25,861","26,933","27,675","28,660","31,786","31,985","31,069","32,213","30,927","33,709","35,927","40,712"
E12000009,South West,E07000080,Forest of Dean,"18,487","19,499","20,499","21,104","21,851","25,994","25,141","24,319","24,757","26,241","27,293","27,853","25,919","26,722","29,039","31,032","27,388","30,049","32,397","29,472","39,184","38,298","37,488"
E12000009,South West,E07000081,Gloucester,"18,870","18,949","19,796","20,451","20,570","21,667","23,219","25,103","23,039","23,011","23,653","24,972","24,560","25,126","26,494","26,042","27,203","28,503","27,491","27,512","30,255","31,203","34,375"
E12000009,South West,E07000082,Stroud,"19,944","21,764","22,622","23,392","24,077","24,138","27,284","26,612","25,979","26,351","27,169","27,273","27,189","27,319","26,454","27,821","28,894","28,308","31,607","30,158","33,289","35,788","35,925"
E12000009,South West,E07000083,Tewkesbury,"22,271","22,248","21,678","24,083","24,829","23,636","25,446","27,685","26,918","28,901","27,630","29,528","26,716","30,696","30,226","31,556","28,551","32,222","34,078","32,594","32,044","35,025","37,418"
W92000004,Wales,W06000001,Isle of Anglesey,"16,396","19,022","19,921","20,164","20,163","19,695","21,170","23,165","22,871","21,079","23,640","23,076","23,605","23,568","24,075","25,415","25,396","27,101","27,319","28,750","31,942","33,144","36,675"
W92000004,Wales,W06000002,Gwynedd,"15,367","16,000","18,592","19,403","20,118","21,011","20,237","21,162","21,737","22,262","22,903","23,700","23,240","22,645","22,041","23,641","24,680","24,593","27,245","24,752","28,102","30,828","30,431"
W92000004,Wales,W06000003,Conwy,"18,394","18,919","19,973","20,402","19,882","21,394","22,838","23,557","22,441","22,824","22,471","26,160","26,618","26,917","25,525","26,418","25,599","25,938","30,644","28,624","31,196","32,745","34,904"
W92000004,Wales,W06000004,Denbighshire,"19,426","19,977","20,354","19,202","18,264","19,942","20,163","21,559","21,447","22,676","21,507","22,134","21,041","22,156","23,693","25,157","25,612","24,604","26,188","26,780","28,137","29,648","30,112"
W92000004,Wales,W06000005,Flintshire,"20,716","21,125","21,863","22,684","23,667","22,356","23,465","24,565","24,761","24,385","25,259","25,612","26,935","27,714","28,602","26,988","26,896","27,179","28,399","30,038","31,540","33,700","36,441"
W92000004,Wales,W06000006,Wrexham,"19,566","18,722","19,738","21,940","21,363","23,238","23,294","24,406","23,619","22,385","24,003","25,491","25,427","25,938","25,845","25,296","27,225","28,953","29,282","27,797","31,497","32,002","33,491"
W92000004,Wales,W06000008,Ceredigion,"16,658","18,167","17,258","19,066","19,342","18,331","19,313","21,387","21,181","21,951","21,354","22,822","21,698","21,937","23,074","23,120","24,772","25,455","26,223","27,919","29,119","32,270","34,828"
W92000004,Wales,W06000009,Pembrokeshire,"15,261","16,907","17,531","18,868","18,707","20,971","23,572","22,987","23,786","23,671","21,911","23,208","23,141","23,220","23,184","24,210","24,992","24,134","27,934","29,562","31,964","32,036","33,401"
W92000004,Wales,W06000010,Carmarthenshire,"17,785","18,823","17,156","18,834","18,823","20,558","21,464","22,118","22,276","22,507","23,712","25,045","26,015","24,354","24,551","26,641","26,098","27,133","29,356","29,795","32,177","34,067","36,302"
W92000004,Wales,W06000011,Swansea,"18,660","18,615","20,519","21,064","21,318","21,522","22,389","23,487","24,262","25,214","24,973","24,507","25,826","24,900","25,394","26,211","28,273","28,121","27,905","28,840","30,516","32,943","34,682"
W92000004,Wales,W06000012,Neath Port Talbot,"18,651","20,660","20,836","21,045","22,540","22,038","22,679","23,158","25,127","22,732","23,788","23,246","24,025","25,858","24,227","25,055","25,665","28,011","27,544","30,620","31,420","33,273","35,830"
W92000004,Wales,W06000013,Bridgend,"18,450","19,114","21,109","22,198","20,532","22,037","23,048","21,675","23,669","23,691","23,734","24,479","25,914","26,181","26,094","27,353","28,715","28,190","28,838","29,673","32,440","32,359","34,220"
W92000004,Wales,W06000014,Vale of Glamorgan,"19,563","20,646","23,634","23,757","24,786","23,589","24,247","27,348","27,698","26,900","26,221","28,323","27,341","27,790","32,184","31,674","30,063","31,874","30,016","29,618","30,956","35,529","38,420"
W92000004,Wales,W06000015,Cardiff,"19,570","19,965","21,529","23,131","22,426","22,999","23,708","24,901","25,472","25,183","26,169","26,514","26,427","26,679","27,521","27,910","29,404","30,468","28,785","29,277","31,900","34,211","36,665"
W92000004,Wales,W06000016,Rhondda Cynon Taf,"17,853","17,904","19,091","19,008","20,293","20,169","21,272","22,176","22,121","23,233","23,543","24,184","24,457","25,003","25,403","26,189","25,994","26,512","27,841","27,805","29,893","32,791","33,275"
W92000004,Wales,W06000018,Caerphilly,"17,499","18,094","18,351","19,607","19,913","21,409","21,269","21,564","21,486","22,810","22,752","23,710","23,902","24,539","24,449","24,967","26,056","27,341","28,309","29,273","29,327","32,185","31,923"
W92000004,Wales,W06000019,Blaenau Gwent,"14,859","16,222","17,319","16,876","17,738","18,621","18,194","18,241","19,262","19,627","20,652","21,100","21,084","23,015","22,953","25,998","24,967","23,549","26,204","27,756","28,114","31,103","35,700"
W92000004,Wales,W06000020,Torfaen,"18,633","19,156","20,656","22,981","22,953","23,811","21,556","22,145","23,612","23,715","23,456","22,780","25,132","25,034","25,220","27,751","27,480","27,811","29,124","26,550","30,628","30,830","33,312"
W92000004,Wales,W06000021,Monmouthshire,"20,619","22,869","22,614","24,253","23,999","26,614","27,999","29,034","26,554","28,539","29,137","28,343","30,037","30,978","31,846","31,433","33,116","34,875","34,414","34,075","38,178","35,930","37,828"
W92000004,Wales,W06000022,Newport,"19,673","20,846","21,410","22,605","22,212","22,541","21,556","23,340","23,586","23,615","23,847","23,839","24,888","25,514","25,394","26,230","27,561","28,793","29,535","28,924","31,941","32,555","35,891"
W92000004,Wales,W06000023,Powys,"17,521","19,001","18,594","19,677","19,979","20,883","21,736","21,165","22,462","22,937","20,825","21,486","22,369","24,526","25,137","25,004","26,115","26,946","28,336","27,368","28,644","33,446","35,074"
W92000004,Wales,W06000024,Merthyr Tydfil,"15,737","16,467","17,717","18,708","19,212","18,651","20,013","20,485","20,664","21,450","22,046","21,533","21,859","22,080","22,626","24,183","23,702","25,444","25,916","27,163","27,510","29,433","32,470"