"Table 5c - Ratio of median house price to median gross annual residence-based earnings by local authority district, England and Wales, 2002 to 2024",,,,,,,,,,,,,,,,,,,,,,,,,,,
Country/Region code,Country/Region name,Local authority code,Local authority name,2002,2003,2004,2005,2006,2007,2008,2009,2010,2011,2012,2013,2014,2015,2016,2017,2018,2019,2020,2021,2022,2023,2024,5-year average
E12000001,North East,E06000001,Hartlepool,2.86,3.02,2.82,2.86,4.14,4.63,4.70,3.98,4.75,4.32,3.98,4.79,4.69,4.74,4.62,4.82,4.60,4.90,4.54,5.05,4.45,4.77,4.51,4.66
E12000001,North East,E06000002,Middlesbrough,2.83,2.65,3.74,4.23,5.17,5.40,4.58,5.17,5.10,4.98,4.62,4.98,5.28,5.05,5.25,5.18,5.23,5.18,5.07,5.32,5.10,5.16,4.59,5.05
E12000001,North East,E06000003,Redcar and Cleveland,2.83,3.95,4.37,4.67,5.66,5.52,5.71,4.98,5.57,4.74,5.19,4.80,4.90,5.00,5.33,5.12,5.37,5.03,5.06,5.84,5.12,5.21,5.23,5.29
E12000001,North East,E06000004,Stockton-on-Tees,3.33,4.03,4.54,4.99,5.53,5.64,5.44,5.00,5.32,4.95,5.07,4.79,5.09,5.07,4.86,5.37,5.43,4.99,5.19,5.64,5.29,5.29,4.82,5.25
E12000001,North East,E06000005,Darlington,3.42,4.06,5.12,5.97,5.94,5.45,5.88,5.46,5.45,5.16,5.26,5.34,4.76,5.18,4.83,4.96,5.26,5.07,5.55,5.29,5.49,5.41,4.68,5.28
E12000001,North East,E06000047,County Durham,[x],3.32,4.25,4.77,5.28,5.11,5.12,4.68,4.84,4.38,4.20,4.36,4.46,4.45,4.44,4.44,4.44,4.39,4.25,4.80,4.29,4.16,4.02,4.30
E12000001,North East,E06000057,Northumberland,[x],4.42,5.31,5.72,6.14,6.33,6.39,5.59,5.76,5.49,5.59,5.46,5.86,6.17,5.95,5.90,6.01,6.16,5.97,6.71,5.95,5.99,5.56,6.04
E12000001,North East,E08000021,Newcastle upon Tyne,3.94,4.84,6.11,5.95,6.54,6.82,6.52,5.98,6.28,6.13,5.63,5.66,5.56,5.68,5.83,5.84,5.94,5.89,5.68,6.16,6.13,6.25,5.42,5.93
E12000001,North East,E08000022,North Tyneside,3.45,4.61,5.59,5.98,6.32,6.43,5.91,5.38,5.90,5.52,5.57,5.67,5.86,6.02,5.94,5.92,5.90,5.89,5.83,6.37,5.82,6.06,5.16,5.85
E12000001,North East,E08000023,South Tyneside,2.70,3.18,4.58,5.02,5.20,5.59,5.31,4.77,5.06,4.70,4.56,4.77,5.02,5.31,5.56,5.26,5.48,5.24,5.09,5.47,4.99,5.16,4.52,5.05
E12000001,North East,E08000024,Sunderland,3.32,3.93,4.88,5.16,5.35,5.45,5.39,4.87,4.92,4.75,4.77,4.64,4.76,4.87,4.77,5.02,4.95,5.11,4.84,5.83,5.27,5.02,4.28,5.05
E12000001,North East,E08000037,Gateshead,3.36,4.25,5.12,5.24,6.06,5.98,5.73,5.42,5.20,5.11,4.76,5.06,4.98,5.21,5.19,5.04,5.23,5.28,5.36,5.67,4.92,4.88,4.71,5.11
E12000002,North West,E06000006,Halton,3.17,4.10,4.58,5.60,5.83,5.38,5.25,5.19,5.47,4.96,4.83,4.80,4.96,5.01,5.34,5.24,5.07,5.34,5.04,5.73,5.21,5.08,4.85,5.18
E12000002,North West,E06000007,Warrington,4.39,4.86,5.82,6.00,5.43,6.13,5.49,5.32,5.66,5.70,5.56,5.83,5.95,5.81,6.00,6.21,5.85,6.15,6.71,7.48,7.53,7.49,6.42,7.13
E12000002,North West,E06000008,Blackburn with Darwen,2.38,2.68,3.24,3.74,4.09,4.51,4.99,4.23,4.28,4.40,4.47,4.39,4.29,4.88,4.57,4.64,5.12,4.86,5.09,5.60,5.10,5.06,4.92,5.15
E12000002,North West,E06000009,Blackpool,3.51,3.94,5.11,5.74,6.19,6.06,6.16,5.16,5.65,5.14,4.92,4.74,5.04,4.76,4.90,4.86,4.79,4.60,4.81,5.51,5.19,4.96,4.24,4.94
E12000002,North West,E06000049,Cheshire East,[x],5.33,6.01,5.92,6.38,6.62,6.63,5.98,6.73,6.43,6.34,6.33,6.50,6.90,7.02,7.50,7.78,7.46,7.42,8.65,7.91,7.91,7.47,7.87
E12000002,North West,E06000050,Cheshire West and Chester,[x],4.79,5.63,6.03,6.42,6.30,6.25,5.58,5.72,5.97,5.86,5.89,6.07,6.37,6.42,6.70,6.65,6.46,6.75,7.39,7.09,7.19,6.25,6.93
E12000002,North West,E06000063,Cumberland,[x],3.28,4.03,4.30,5.09,5.19,5.04,4.95,4.90,5.19,5.05,4.68,4.91,4.90,5.00,5.04,5.16,5.02,4.48,5.02,4.87,4.55,4.36,4.66
E12000002,North West,E06000064,Westmorland and Furness,[x],4.99,5.88,6.65,6.62,7.03,6.92,6.57,6.91,6.68,6.46,5.95,6.21,6.66,6.26,6.28,6.23,6.50,6.31,7.18,7.16,7.23,5.66,6.71
E12000002,North West,E07000117,Burnley,1.64,1.59,1.99,2.24,3.00,3.86,3.71,3.61,3.54,3.49,3.31,3.12,3.77,3.45,3.69,3.70,3.63,3.31,3.95,4.39,4.39,3.77,3.67,4.03
E12000002,North West,E07000118,Chorley,3.78,4.47,5.82,5.99,6.08,6.10,5.95,5.73,6.21,6.06,5.83,6.28,6.16,6.25,5.93,6.26,5.47,5.47,5.78,5.80,5.80,6.23,5.53,5.83
E12000002,North West,E07000119,Fylde,3.91,4.79,5.92,6.18,7.17,6.75,6.10,5.85,5.86,5.46,5.60,5.72,5.41,7.22,7.04,6.56,6.06,6.31,6.28,7.37,7.17,6.23,6.03,6.62
E12000002,North West,E07000120,Hyndburn,2.40,2.40,3.42,3.90,4.55,5.02,5.05,4.00,3.92,3.73,4.22,4.13,3.97,4.01,4.25,4.03,4.42,4.09,4.43,4.46,4.67,4.24,4.07,4.37
E12000002,North West,E07000121,Lancaster,2.94,3.84,4.71,5.36,5.50,5.26,5.37,4.87,5.26,4.78,5.27,4.55,4.90,5.31,5.45,5.46,5.72,5.50,5.49,5.81,5.85,6.14,5.81,5.82
E12000002,North West,E07000122,Pendle,2.18,2.29,2.96,3.20,3.90,4.55,4.31,3.98,3.92,3.77,3.75,3.75,3.70,3.70,3.95,4.04,3.85,4.07,4.60,5.78,5.05,4.99,4.66,5.02
E12000002,North West,E07000123,Preston,3.01,3.35,4.67,5.45,6.24,5.87,5.58,4.95,5.41,5.12,5.41,5.42,5.45,5.38,5.26,5.77,5.56,5.56,5.69,6.29,6.16,5.66,4.88,5.74
E12000002,North West,E07000124,Ribble Valley,4.05,5.46,6.59,6.62,7.68,7.38,7.32,6.49,7.25,7.08,6.79,6.78,6.66,7.16,7.37,7.69,6.98,7.08,7.01,7.64,7.44,7.03,6.43,7.11
E12000002,North West,E07000125,Rossendale,2.94,3.37,4.13,4.71,4.75,5.37,4.83,4.72,5.11,4.50,4.39,4.88,5.12,5.15,5.12,5.56,5.20,5.17,5.25,5.86,5.68,5.62,5.42,5.57
E12000002,North West,E07000126,South Ribble,3.58,4.48,5.78,5.99,5.92,6.10,5.58,5.44,5.71,5.63,5.42,5.43,5.72,5.87,5.77,5.79,5.88,5.93,5.95,6.72,6.37,6.38,5.28,6.14
E12000002,North West,E07000127,West Lancashire,4.09,4.88,5.88,6.07,6.23,6.40,6.45,6.48,6.50,5.89,6.32,6.25,6.59,6.45,6.48,6.33,6.19,6.80,6.42,7.74,6.89,6.63,6.24,6.78
E12000002,North West,E07000128,Wyre,3.91,4.46,5.36,5.91,6.17,7.51,6.44,6.48,6.38,5.91,4.98,5.27,5.49,5.13,5.89,5.93,6.15,5.85,6.13,6.33,5.89,6.04,4.99,5.88
E12000002,North West,E08000001,Bolton,2.96,3.25,4.09,4.79,5.50,5.42,5.33,4.70,4.93,4.68,4.63,4.63,4.96,5.00,5.04,5.21,5.28,5.16,5.36,6.08,6.22,5.70,5.63,5.80
E12000002,North West,E08000002,Bury,3.24,3.72,4.40,5.11,5.43,5.36,5.10,4.84,4.92,4.62,4.76,4.72,5.04,5.27,5.34,5.70,5.60,5.83,5.58,6.88,6.86,6.91,6.54,6.55
E12000002,North West,E08000003,Manchester,3.75,4.07,4.90,5.56,6.27,6.21,5.92,5.22,5.40,5.65,5.15,5.06,5.49,5.63,6.12,6.42,6.49,6.76,6.93,8.18,8.25,7.34,7.34,7.61
E12000002,North West,E08000004,Oldham,2.89,3.22,3.76,4.50,5.04,5.31,5.32,4.89,5.13,4.75,4.85,4.98,5.01,5.14,5.07,5.10,5.20,5.32,5.41,6.27,6.66,6.15,5.73,6.04
E12000002,North West,E08000005,Rochdale,2.93,3.29,3.99,4.52,4.81,5.14,4.76,4.20,4.66,4.50,4.55,4.82,5.10,5.14,5.12,5.18,5.22,5.33,5.38,6.63,6.32,5.93,5.52,5.96
E12000002,North West,E08000006,Salford,2.93,3.68,4.51,5.06,5.31,5.65,5.46,5.03,4.89,4.86,4.70,4.85,4.97,5.14,5.40,6.05,6.21,6.12,6.30,7.40,7.25,6.92,6.42,6.86
E12000002,North West,E08000007,Stockport,4.44,5.38,6.13,6.33,6.38,6.35,6.79,5.96,6.17,6.17,5.98,5.85,6.08,6.55,6.92,7.06,7.09,6.98,6.86,9.03,8.09,8.00,7.74,7.94
E12000002,North West,E08000008,Tameside,2.95,3.66,4.44,4.87,5.58,5.90,5.58,4.82,5.04,5.03,4.62,4.88,5.29,5.32,5.44,5.56,5.74,5.77,6.00,6.32,6.53,6.43,6.01,6.26
E12000002,North West,E08000009,Trafford,5.18,5.92,6.42,6.70,6.86,6.71,6.60,6.24,6.43,6.51,6.15,6.24,6.67,6.99,6.75,7.71,7.57,7.99,8.06,8.88,8.74,8.94,8.92,8.71
E12000002,North West,E08000010,Wigan,2.95,3.48,4.40,4.74,5.23,5.40,5.18,4.75,4.79,4.58,4.62,4.28,4.69,4.70,4.61,4.82,4.99,5.37,5.11,5.34,5.92,5.78,5.23,5.48
E12000002,North West,E08000011,Knowsley,3.57,3.77,5.06,6.00,6.06,5.56,5.59,4.75,4.72,4.53,4.55,4.72,4.66,4.95,4.77,4.88,4.96,5.80,5.61,5.72,5.52,5.94,5.21,5.60
E12000002,North West,E08000012,Liverpool,3.12,3.48,4.50,4.89,5.45,5.60,5.23,4.95,4.79,4.64,4.68,4.51,4.46,4.67,4.62,4.77,4.76,4.41,4.28,5.26,5.05,4.90,4.62,4.82
E12000002,North West,E08000013,St. Helens,3.43,3.75,4.76,5.41,5.57,5.85,5.26,4.70,4.77,4.31,4.37,4.44,4.94,4.57,4.92,5.23,5.03,4.69,5.06,5.45,4.95,5.52,4.99,5.19
E12000002,North West,E08000014,Sefton,4.05,4.80,5.90,5.99,6.57,6.49,6.19,6.24,6.27,5.93,5.56,5.33,5.80,6.02,6.21,6.02,5.87,6.18,5.96,6.60,6.61,6.35,5.81,6.27
E12000002,North West,E08000015,Wirral,3.47,4.00,4.90,5.08,5.63,5.97,5.80,5.22,5.18,5.28,5.29,5.05,5.08,5.05,5.32,5.62,5.77,5.60,5.72,6.61,6.02,5.87,5.67,5.98
E12000003,Yorkshire and The Humber,E06000010,"Kingston upon Hull, City of",2.38,2.80,3.34,3.58,4.23,4.51,4.37,4.10,4.32,4.18,4.00,4.04,4.39,4.41,4.45,4.97,4.75,4.71,4.83,4.88,4.99,4.53,4.41,4.73
E12000003,Yorkshire and The Humber,E06000011,East Riding of Yorkshire,3.69,4.42,5.53,5.55,5.63,5.55,5.47,4.93,5.28,5.24,5.33,5.24,5.41,5.82,5.93,6.18,6.09,5.98,6.00,7.09,6.60,6.88,6.00,6.51
E12000003,Yorkshire and The Humber,E06000012,North East Lincolnshire,2.76,2.88,3.89,4.08,4.70,5.08,5.03,4.48,5.11,4.74,4.52,4.43,5.02,4.98,4.66,5.51,5.00,4.84,4.79,5.37,5.38,5.01,4.50,5.01
E12000003,Yorkshire and The Humber,E06000013,North Lincolnshire,2.59,3.35,4.23,4.29,4.64,4.76,4.99,4.82,4.70,4.38,4.28,4.20,4.36,4.40,4.54,4.86,4.83,5.01,4.97,5.59,5.53,5.60,4.88,5.31
E12000003,Yorkshire and The Humber,E06000014,York,5.18,6.20,6.49,6.71,7.19,7.03,7.05,6.28,7.02,6.88,6.70,6.53,7.27,8.20,8.30,8.76,8.81,8.52,8.32,8.87,8.96,9.21,8.49,8.77
E12000003,Yorkshire and The Humber,E06000065,North Yorkshire,[x],6.27,7.24,7.54,7.72,7.91,7.79,6.85,7.12,7.36,7.12,7.04,7.15,7.20,7.32,7.71,7.63,7.22,7.65,8.51,8.37,8.16,7.34,8.01
E12000003,Yorkshire and The Humber,E08000016,Barnsley,2.66,3.23,4.20,4.62,4.99,5.36,4.88,4.09,4.38,4.28,4.43,4.32,4.44,4.49,4.81,4.86,5.12,5.10,5.00,5.41,5.62,5.31,4.64,5.20
E12000003,Yorkshire and The Humber,E08000017,Doncaster,2.77,3.53,4.61,5.10,5.17,5.37,5.04,4.65,4.90,4.64,4.59,4.53,4.68,5.18,5.08,5.22,4.74,4.80,4.83,5.39,5.35,5.21,4.71,5.10
E12000003,Yorkshire and The Humber,E08000018,Rotherham,3.03,3.60,4.38,4.85,5.41,5.39,5.54,4.99,5.13,4.84,4.99,4.94,5.34,5.20,5.43,5.16,5.32,5.32,5.14,6.28,5.90,5.66,5.25,5.65
E12000003,Yorkshire and The Humber,E08000019,Sheffield,3.56,4.25,5.08,5.31,5.61,5.81,5.45,5.09,5.30,5.16,5.11,5.08,5.34,5.46,5.37,5.58,5.68,5.63,5.99,5.96,6.07,6.28,5.60,5.98
E12000003,Yorkshire and The Humber,E08000032,Bradford,3.12,3.67,4.51,5.10,5.82,6.22,6.08,5.41,5.39,5.54,5.18,5.07,5.16,5.33,5.29,5.34,5.37,5.30,5.00,5.54,5.22,5.31,5.20,5.25
E12000003,Yorkshire and The Humber,E08000033,Calderdale,2.94,3.43,4.41,5.21,5.32,5.51,5.18,4.35,5.25,4.93,4.60,4.75,4.86,5.03,4.86,4.98,5.02,5.09,5.35,5.99,5.45,5.54,4.64,5.39
E12000003,Yorkshire and The Humber,E08000034,Kirklees,3.07,3.70,4.77,5.06,5.37,5.49,5.32,5.12,5.38,5.05,4.86,4.94,4.94,5.28,5.46,5.36,5.52,5.64,5.55,6.50,5.85,5.85,5.56,5.86
E12000003,Yorkshire and The Humber,E08000035,Leeds,4.17,4.88,5.78,5.99,6.18,6.42,6.11,5.45,5.85,5.78,5.76,5.48,5.70,5.88,5.84,6.11,6.24,6.23,6.45,7.14,6.80,6.93,6.46,6.76
E12000003,Yorkshire and The Humber,E08000036,Wakefield,3.45,4.27,4.84,5.61,5.65,5.73,5.49,5.18,5.61,5.45,5.22,5.24,5.44,5.51,5.60,5.82,5.84,5.86,6.13,6.43,6.43,6.47,5.85,6.26
E12000004,East Midlands,E06000015,Derby,3.13,3.82,4.80,5.05,5.27,6.08,5.12,4.52,4.73,4.57,4.51,4.72,4.88,4.83,5.04,5.08,4.85,5.43,5.40,6.12,6.27,6.00,5.89,5.94
E12000004,East Midlands,E06000016,Leicester,4.02,4.96,6.20,6.27,6.27,6.18,6.32,5.76,5.83,5.70,5.78,5.55,5.65,6.16,6.41,6.96,7.53,7.45,7.41,8.33,8.14,8.21,7.88,7.99
E12000004,East Midlands,E06000017,Rutland,6.72,6.73,8.53,8.85,9.30,8.76,8.77,7.59,8.78,7.91,8.51,8.47,8.46,8.18,8.62,8.68,9.38,8.95,9.16,9.43,9.02,9.26,8.82,9.14
E12000004,East Midlands,E06000018,Nottingham,3.61,4.64,5.04,5.27,5.40,5.07,5.29,4.41,4.53,4.26,4.31,4.46,4.86,4.98,5.14,5.53,5.80,5.58,5.87,6.71,6.59,6.67,6.34,6.44
E12000004,East Midlands,E06000061,North Northamptonshire,[x],4.85,5.70,6.08,6.05,6.35,6.24,5.39,5.61,5.41,5.18,5.40,5.78,6.07,6.46,7.04,7.50,7.50,7.40,8.11,7.93,8.28,6.93,7.73
E12000004,East Midlands,E06000062,West Northamptonshire,[x],5.51,6.09,6.06,6.28,6.46,6.31,5.75,6.34,6.06,6.15,5.92,6.61,6.98,7.74,8.36,8.48,8.02,8.15,9.08,8.57,8.64,7.80,8.45
E12000004,East Midlands,E07000032,Amber Valley,3.61,4.40,5.33,5.15,5.57,6.14,5.65,5.22,5.42,5.26,4.95,5.13,5.22,5.62,5.57,5.33,5.79,5.93,5.28,6.69,6.88,7.17,6.29,6.46
E12000004,East Midlands,E07000033,Bolsover,2.82,3.56,4.15,4.84,4.77,4.78,5.16,4.26,4.50,4.37,3.78,4.18,4.55,4.98,4.87,5.30,5.16,5.20,5.08,6.16,6.26,6.69,5.26,5.89
E12000004,East Midlands,E07000034,Chesterfield,3.16,3.74,4.88,5.17,5.43,5.71,5.34,4.93,5.13,4.91,4.98,5.14,5.17,5.05,5.24,5.51,5.77,5.75,5.94,6.91,6.04,6.37,5.74,6.20
E12000004,East Midlands,E07000035,Derbyshire Dales,5.00,6.13,7.17,7.66,8.40,8.59,7.09,6.31,7.21,7.19,7.17,7.40,7.60,8.36,7.55,7.97,8.09,8.47,7.63,10.43,9.48,8.97,7.75,8.85
E12000004,East Midlands,E07000036,Erewash,3.54,4.39,4.98,5.42,5.42,5.44,5.16,4.64,4.99,4.88,4.60,4.40,4.80,5.11,5.09,5.40,5.61,5.48,5.69,6.17,6.22,6.17,5.80,6.01
E12000004,East Midlands,E07000037,High Peak,3.88,4.84,5.98,6.15,6.23,7.00,6.35,5.74,5.65,5.59,5.72,5.60,5.61,6.28,6.65,6.28,6.55,6.96,6.68,7.85,8.00,7.53,7.42,7.50
E12000004,East Midlands,E07000038,North East Derbyshire,3.78,4.67,5.78,6.07,6.33,6.36,6.05,5.74,5.49,5.64,5.73,5.49,5.84,5.92,5.93,6.60,6.25,6.50,7.10,7.66,7.57,7.37,6.44,7.23
E12000004,East Midlands,E07000039,South Derbyshire,3.99,5.12,5.50,6.26,6.34,6.45,5.85,5.70,6.02,5.76,5.69,5.25,5.76,6.32,5.97,6.49,6.22,6.80,6.18,7.18,7.40,6.87,6.42,6.81
E12000004,East Midlands,E07000129,Blaby,4.45,5.48,6.03,5.94,6.55,6.79,6.13,5.13,5.41,5.70,5.74,5.64,5.97,6.41,6.35,6.76,7.26,7.13,6.44,8.63,8.16,8.13,7.60,7.79
E12000004,East Midlands,E07000130,Charnwood,4.34,5.82,6.44,6.39,6.14,6.72,6.28,5.64,5.94,6.09,6.18,5.93,6.23,6.34,6.61,7.33,7.08,7.04,7.51,8.70,8.12,7.67,6.97,7.79
E12000004,East Midlands,E07000131,Harborough,5.12,6.27,7.09,7.09,7.47,7.74,7.08,6.48,6.98,6.18,6.02,6.47,7.17,7.67,7.26,7.20,7.71,8.41,8.03,8.95,9.58,9.80,8.25,8.92
E12000004,East Midlands,E07000132,Hinckley and Bosworth,4.40,5.53,5.84,5.97,6.08,6.65,6.26,5.57,6.16,5.82,5.76,5.87,6.50,6.71,6.63,6.85,6.97,6.96,7.10,7.64,8.09,7.54,7.56,7.59
E12000004,East Midlands,E07000133,Melton,5.19,5.21,5.86,5.96,6.66,6.53,6.36,5.70,6.30,6.67,6.89,6.95,6.91,6.82,7.26,7.27,7.56,8.47,7.99,11.19,8.02,8.92,8.54,8.93
E12000004,East Midlands,E07000134,North West Leicestershire,4.58,5.45,6.11,6.34,6.35,6.60,5.94,5.44,5.99,5.86,5.57,5.98,6.21,6.86,6.93,7.13,7.03,6.91,7.55,7.97,7.38,7.79,6.79,7.50
E12000004,East Midlands,E07000135,Oadby and Wigston,4.34,5.90,6.82,6.80,6.71,7.52,6.40,5.40,5.79,5.64,5.84,6.17,6.67,7.80,7.38,7.14,7.49,7.95,6.90,9.84,8.95,8.87,8.35,8.58
E12000004,East Midlands,E07000136,Boston,3.96,4.73,6.02,6.46,6.29,6.08,6.20,5.79,5.84,5.87,6.00,5.83,6.24,6.63,6.48,6.97,7.21,7.35,7.00,7.52,7.59,6.54,6.66,7.06
E12000004,East Midlands,E07000137,East Lindsey,4.44,5.45,6.98,6.83,6.98,7.29,6.94,5.92,6.35,6.02,5.59,5.34,5.65,6.01,5.92,6.54,6.43,6.70,6.76,7.69,7.27,7.25,6.69,7.13
E12000004,East Midlands,E07000138,Lincoln,3.34,4.68,5.25,5.51,5.98,6.05,5.88,5.05,4.89,5.24,5.17,4.97,5.18,5.66,5.52,6.17,5.90,5.79,5.53,6.76,5.65,5.73,5.33,5.80
E12000004,East Midlands,E07000139,North Kesteven,4.90,6.43,7.10,7.10,7.06,7.54,7.23,6.09,6.55,6.54,6.12,5.79,6.00,6.22,6.71,6.67,6.20,7.12,6.53,7.37,8.05,7.25,6.22,7.08
E12000004,East Midlands,E07000140,South Holland,4.31,5.22,6.55,6.55,6.57,7.25,6.68,5.62,5.75,5.69,5.53,5.64,5.94,6.42,6.33,6.82,7.10,6.90,6.36,7.12,7.67,7.18,7.03,7.07
E12000004,East Midlands,E07000141,South Kesteven,4.59,5.67,6.53,6.60,6.59,6.81,6.63,5.94,6.28,5.83,5.77,5.73,6.37,6.99,7.50,7.37,7.93,7.48,8.02,8.44,7.83,8.08,7.28,7.93
E12000004,East Midlands,E07000142,West Lindsey,3.51,4.19,5.98,6.34,6.21,6.75,6.60,5.48,5.54,5.74,5.34,5.13,6.45,6.03,5.89,5.90,5.97,5.97,6.11,7.13,6.46,6.70,6.21,6.52
E12000004,East Midlands,E07000170,Ashfield,3.36,4.04,4.80,5.14,5.37,6.00,5.58,4.54,5.02,5.28,5.23,5.07,5.15,5.23,5.36,5.60,5.60,5.56,5.50,6.31,6.06,6.31,5.83,6.00
E12000004,East Midlands,E07000171,Bassetlaw,3.62,4.20,4.97,5.56,5.46,5.45,5.16,4.77,5.14,5.27,4.98,4.95,4.91,5.16,5.14,5.62,5.38,5.67,5.99,7.42,6.97,6.41,5.64,6.49
E12000004,East Midlands,E07000172,Broxtowe,4.03,4.93,5.67,6.20,5.86,6.07,5.25,4.98,5.17,5.31,4.92,5.05,4.92,5.07,5.22,5.52,5.99,5.84,6.06,6.80,7.62,7.16,6.33,6.79
E12000004,East Midlands,E07000173,Gedling,4.01,4.95,5.68,5.61,6.09,5.50,5.20,4.99,5.78,5.27,4.95,4.93,5.38,5.53,5.51,5.96,6.11,6.17,6.49,7.26,7.86,7.19,7.02,7.16
E12000004,East Midlands,E07000174,Mansfield,3.08,3.78,4.79,5.12,5.31,5.20,5.06,4.72,4.99,5.31,4.92,5.12,5.24,5.22,5.64,5.43,5.77,6.00,5.96,6.43,6.32,6.33,5.44,6.10
E12000004,East Midlands,E07000175,Newark and Sherwood,4.21,5.66,6.44,6.18,5.89,6.72,6.54,5.62,6.30,6.06,6.10,6.23,6.22,6.22,6.33,6.86,6.53,7.04,6.03,7.30,6.88,6.91,6.36,6.70
E12000004,East Midlands,E07000176,Rushcliffe,4.74,5.72,6.21,6.46,6.40,6.80,6.07,5.42,5.93,5.91,5.88,6.00,6.38,7.19,7.12,7.26,7.72,7.93,8.22,8.85,9.13,8.57,8.37,8.63
E12000005,West Midlands,E06000019,"Herefordshire, County of",6.10,7.15,8.19,8.41,8.98,8.90,8.76,7.85,9.04,8.75,8.80,8.62,8.27,8.98,8.11,9.37,9.34,8.96,8.61,9.40,9.50,9.30,8.66,9.09
E12000005,West Midlands,E06000020,Telford and Wrekin,4.00,4.78,5.76,5.96,6.24,5.95,5.92,6.04,6.21,6.05,6.07,6.06,6.08,5.99,6.24,6.77,6.37,6.27,6.47,7.46,7.17,6.85,6.39,6.87
E12000005,West Midlands,E06000021,Stoke-on-Trent,2.51,2.75,3.77,4.34,4.54,4.63,4.46,4.09,4.19,4.01,3.97,4.08,4.27,4.41,4.61,4.63,4.62,4.73,4.63,5.10,4.92,4.69,4.72,4.81
E12000005,West Midlands,E06000051,Shropshire,[x],6.37,6.96,7.21,7.70,7.54,7.59,6.69,6.78,6.78,6.86,6.21,6.90,7.14,7.12,7.72,7.78,7.39,7.64,8.74,7.89,7.82,7.34,7.89
E12000005,West Midlands,E07000192,Cannock Chase,3.94,4.69,5.61,5.54,5.41,5.82,5.29,5.27,5.33,5.22,5.47,5.09,5.40,5.07,5.55,5.74,6.12,6.09,6.60,6.81,7.42,7.52,6.83,7.04
E12000005,West Midlands,E07000193,East Staffordshire,4.02,4.71,5.29,5.66,5.80,6.49,5.90,5.65,6.21,5.63,5.51,5.42,5.83,6.33,5.98,6.47,6.90,7.01,6.82,7.93,6.88,7.14,6.07,6.97
E12000005,West Midlands,E07000194,Lichfield,5.10,6.32,6.75,7.18,7.00,7.84,7.43,6.07,6.50,6.44,6.11,6.00,6.49,6.36,6.62,7.41,7.38,7.47,7.01,7.99,8.25,7.64,7.71,7.72
E12000005,West Midlands,E07000195,Newcastle-under-Lyme,3.53,3.98,4.89,5.20,5.72,5.29,5.38,5.24,5.31,5.36,5.48,5.05,5.35,5.40,5.22,5.26,5.43,5.64,5.23,5.58,5.89,5.59,5.30,5.52
E12000005,West Midlands,E07000196,South Staffordshire,5.30,6.27,6.92,6.55,6.75,7.34,6.80,6.72,6.68,6.47,6.50,6.24,6.74,6.60,6.86,7.02,6.95,6.90,6.48,8.07,7.99,7.47,7.24,7.45
E12000005,West Midlands,E07000197,Stafford,4.31,5.91,6.29,6.61,6.61,6.80,6.58,6.16,6.32,6.19,5.71,5.61,5.87,6.14,6.43,6.82,6.82,6.82,6.92,7.50,7.03,6.70,5.86,6.80
E12000005,West Midlands,E07000198,Staffordshire Moorlands,3.67,4.32,6.23,5.64,5.70,6.03,5.54,5.31,5.36,5.46,5.18,5.16,5.09,5.57,5.64,5.74,6.02,5.53,6.08,6.39,6.48,5.78,5.90,6.13
E12000005,West Midlands,E07000199,Tamworth,4.07,4.37,5.36,5.40,5.88,5.90,5.11,4.99,5.42,5.28,4.94,5.46,6.06,6.20,6.44,6.85,6.91,7.29,8.40,8.17,7.08,7.04,6.43,7.42
E12000005,West Midlands,E07000218,North Warwickshire,4.68,5.29,6.11,5.94,6.41,5.88,5.89,5.78,6.18,5.37,5.62,5.55,6.21,6.37,6.17,6.36,6.55,6.45,7.17,8.19,7.42,6.75,6.32,7.17
E12000005,West Midlands,E07000219,Nuneaton and Bedworth,3.90,4.45,5.10,5.51,5.28,5.40,5.16,4.91,5.20,4.97,5.04,4.90,5.31,5.53,5.99,5.81,6.50,6.59,6.61,7.28,7.74,7.84,6.50,7.19
E12000005,West Midlands,E07000220,Rugby,4.91,5.16,6.08,5.98,6.01,6.21,6.20,5.44,5.57,5.72,5.46,5.56,6.13,6.13,6.82,6.84,7.38,7.74,7.71,8.18,7.79,7.94,7.00,7.72
E12000005,West Midlands,E07000221,Stratford-on-Avon,6.39,7.35,7.59,7.95,7.96,8.17,7.60,7.55,8.78,8.36,8.62,8.18,8.92,9.40,9.25,9.35,9.88,9.61,9.45,10.11,9.47,10.20,9.07,9.66
E12000005,West Midlands,E07000222,Warwick,5.86,7.09,6.76,6.97,7.33,7.67,7.44,6.56,7.68,7.16,7.22,7.40,8.18,8.28,8.73,8.66,8.97,9.23,8.82,9.24,9.29,8.73,8.26,8.87
E12000005,West Midlands,E07000234,Bromsgrove,6.01,5.98,6.61,7.07,6.99,7.15,7.07,6.09,6.48,6.88,6.92,6.40,7.14,7.60,8.07,7.93,8.16,8.41,8.52,9.25,8.62,9.00,8.49,8.78
E12000005,West Midlands,E07000235,Malvern Hills,6.37,7.59,7.96,8.03,8.07,8.15,7.15,6.60,8.06,9.00,8.63,7.23,9.24,8.63,9.02,8.10,9.89,9.88,9.31,10.07,9.87,8.83,8.12,9.24
E12000005,West Midlands,E07000236,Redditch,4.86,5.93,6.52,6.38,6.88,7.18,7.14,6.26,6.44,6.44,6.40,6.51,7.52,8.02,7.66,7.60,8.17,8.30,8.40,9.33,9.00,7.94,7.45,8.42
E12000005,West Midlands,E07000237,Worcester,4.55,5.92,6.61,6.29,6.30,6.94,6.63,6.40,6.24,6.05,6.31,6.11,6.11,6.55,6.88,6.47,6.86,6.98,7.61,7.75,7.31,6.98,7.13,7.36
E12000005,West Midlands,E07000238,Wychavon,6.52,7.57,8.15,8.50,8.71,9.19,9.05,7.26,8.14,7.52,7.69,7.74,7.95,8.27,8.74,8.94,9.00,8.79,9.86,10.81,10.00,9.65,9.53,9.97
E12000005,West Midlands,E07000239,Wyre Forest,4.89,5.97,7.21,7.33,7.21,7.07,6.93,6.78,6.83,7.15,6.75,6.49,6.69,6.12,6.41,6.78,6.94,6.76,6.45,7.74,7.40,8.04,6.98,7.32
E12000005,West Midlands,E08000025,Birmingham,3.95,4.92,5.73,5.95,5.85,6.16,5.91,5.20,5.45,5.34,5.24,5.33,5.48,5.67,5.77,6.06,6.14,6.55,6.39,7.31,7.01,7.08,6.63,6.88
E12000005,West Midlands,E08000026,Coventry,3.78,4.14,4.90,5.17,5.41,6.00,5.54,4.93,5.23,4.91,4.87,4.80,5.27,5.28,5.47,5.77,6.09,6.33,6.25,6.62,6.31,6.35,6.29,6.36
E12000005,West Midlands,E08000027,Dudley,4.14,4.94,5.94,6.15,6.14,6.05,5.86,5.76,6.02,5.56,5.43,5.33,5.52,5.66,5.59,5.69,5.99,5.82,5.79,6.83,6.95,6.96,6.42,6.59
E12000005,West Midlands,E08000028,Sandwell,3.64,4.43,5.17,5.47,5.87,5.95,5.65,5.05,5.03,5.03,4.89,4.92,5.29,5.31,5.45,5.66,5.88,6.15,6.01,6.55,6.86,6.79,6.42,6.53
E12000005,West Midlands,E08000029,Solihull,5.78,6.80,7.30,7.69,7.45,7.56,7.17,6.45,7.29,7.08,6.64,6.59,7.00,7.50,7.63,8.15,8.00,8.11,8.34,9.15,8.57,8.48,7.74,8.46
E12000005,West Midlands,E08000030,Walsall,3.95,4.78,5.81,6.11,6.05,6.10,5.59,5.51,5.65,5.77,5.42,5.59,5.95,5.60,5.73,6.10,6.24,5.96,5.75,6.68,6.71,6.79,6.35,6.46
E12000005,West Midlands,E08000031,Wolverhampton,3.62,4.39,5.17,5.56,5.92,5.70,5.49,5.32,5.37,5.31,4.96,4.96,5.35,5.43,5.80,5.74,5.90,5.93,6.36,6.43,6.40,6.50,6.17,6.37
E12000006,East of England,E06000031,Peterborough,3.89,4.51,5.76,6.03,6.30,6.59,6.23,5.60,5.63,5.53,5.38,5.73,6.09,6.37,6.46,7.04,7.33,7.16,7.50,7.75,7.70,7.40,6.64,7.40
E12000006,East of England,E06000032,Luton,4.57,5.31,5.77,6.24,6.22,6.99,6.72,5.74,6.25,6.08,6.12,6.08,6.47,6.94,8.12,8.17,8.77,8.12,8.53,9.36,9.33,9.39,9.04,9.13
E12000006,East of England,E06000033,Southend-on-Sea,4.57,5.80,6.13,6.54,6.90,6.90,7.00,6.04,6.41,6.55,6.54,6.94,6.81,7.69,7.94,8.64,8.60,8.96,8.76,9.01,9.56,8.41,7.80,8.71
E12000006,East of England,E06000034,Thurrock,4.26,5.46,6.00,6.57,6.67,6.70,6.32,5.69,5.89,6.28,6.01,5.93,6.45,7.06,8.43,9.26,9.26,9.06,8.64,9.12,9.40,9.20,8.49,8.97
E12000006,East of England,E06000055,Bedford,5.19,6.21,6.16,6.72,7.04,6.66,6.34,6.34,6.36,6.91,6.67,6.43,7.13,8.10,8.05,8.76,9.41,8.92,8.25,9.83,9.70,9.66,8.35,9.16
E12000006,East of England,E06000056,Central Bedfordshire,[x],5.69,5.96,6.12,6.45,6.66,6.87,5.79,6.43,6.73,6.76,6.64,7.32,7.80,8.21,9.36,9.73,9.03,8.76,9.79,9.09,9.08,8.38,9.02
E12000006,East of England,E07000008,Cambridge,7.18,7.73,7.53,8.66,8.30,9.21,8.52,8.21,8.14,8.69,9.33,9.64,10.82,12.30,13.38,13.33,13.04,12.69,12.46,12.21,11.97,11.74,10.94,11.86
E12000006,East of England,E07000009,East Cambridgeshire,6.13,6.64,6.66,7.75,7.04,7.41,7.55,6.24,6.56,6.44,6.61,7.07,7.48,7.82,8.85,9.08,9.50,9.01,9.29,10.01,9.91,9.66,9.38,9.65
E12000006,East of England,E07000010,Fenland,4.54,5.25,5.81,6.16,6.19,6.06,6.65,5.52,5.84,5.49,5.45,5.31,5.72,6.00,6.05,6.62,6.68,6.80,6.97,7.92,7.46,6.94,6.60,7.18
E12000006,East of England,E07000011,Huntingdonshire,4.65,5.37,5.85,6.45,6.81,7.10,6.89,5.77,6.03,6.02,6.31,6.60,6.68,7.23,7.64,8.16,8.50,8.68,9.15,9.83,9.87,9.18,8.36,9.28
E12000006,East of England,E07000012,South Cambridgeshire,7.54,7.72,7.88,7.67,7.81,8.17,7.73,6.81,7.13,7.58,7.42,7.14,7.76,9.66,9.47,10.30,9.74,9.11,9.81,10.14,10.62,10.26,9.61,10.09
E12000006,East of England,E07000066,Basildon,4.49,5.59,6.14,6.57,6.65,6.88,6.85,6.26,6.52,6.34,6.46,6.24,6.76,7.70,8.51,9.38,9.49,9.01,9.42,10.53,10.40,9.72,8.34,9.68
E12000006,East of England,E07000067,Braintree,5.51,6.02,6.78,7.00,7.16,7.10,7.03,6.25,6.58,6.55,6.11,6.20,6.54,7.23,7.94,8.34,8.55,8.61,8.71,10.03,9.30,9.50,8.16,9.14
E12000006,East of England,E07000068,Brentwood,6.06,6.89,6.50,7.12,6.93,7.25,6.90,6.97,7.20,6.70,7.49,6.88,7.52,8.15,9.30,9.76,10.83,9.75,10.23,13.68,10.64,9.45,9.69,10.74
E12000006,East of England,E07000069,Castle Point,5.51,6.38,6.80,6.45,6.87,7.43,7.29,5.88,7.77,7.48,7.09,7.56,7.21,8.36,9.32,8.96,9.51,8.96,8.90,10.34,9.92,10.75,8.76,9.73
E12000006,East of England,E07000070,Chelmsford,5.56,6.74,6.91,6.94,7.22,7.66,7.65,6.82,7.35,7.05,6.90,7.48,7.99,8.49,9.43,10.39,11.20,10.90,10.14,10.34,10.90,10.80,9.70,10.38
E12000006,East of England,E07000071,Colchester,4.81,6.07,6.73,6.50,6.65,6.65,6.65,6.41,6.54,6.46,6.63,6.83,6.72,7.36,7.92,8.34,8.80,8.78,8.46,9.91,8.84,9.10,8.27,8.92
E12000006,East of England,E07000072,Epping Forest,7.43,7.87,8.10,7.76,8.32,8.84,9.72,8.57,9.32,9.13,8.39,9.23,9.48,10.85,11.34,12.25,12.73,12.01,13.00,13.68,13.41,11.29,10.72,12.42
E12000006,East of England,E07000073,Harlow,5.43,6.29,6.89,7.28,7.15,6.83,7.37,7.09,6.58,6.95,7.07,7.18,7.45,8.65,9.45,10.18,10.16,10.30,10.48,11.25,10.99,10.12,9.12,10.39
E12000006,East of England,E07000074,Maldon,5.15,5.76,6.21,7.40,7.14,7.93,7.95,5.90,6.24,6.49,6.09,6.37,7.36,7.49,7.98,9.75,10.03,9.13,8.74,10.21,10.41,11.55,9.82,10.15
E12000006,East of England,E07000075,Rochford,5.29,6.51,6.49,7.50,7.06,7.08,7.60,6.53,7.62,7.05,7.12,7.12,7.97,8.74,8.56,9.28,8.88,8.95,9.81,9.54,10.56,9.35,8.71,9.59
E12000006,East of England,E07000076,Tendring,5.18,6.12,7.27,7.06,7.24,7.68,6.97,6.00,6.13,6.23,6.03,5.97,6.33,6.76,7.17,7.98,8.42,8.28,8.35,8.98,8.95,8.81,7.49,8.52
E12000006,East of England,E07000077,Uttlesford,6.29,7.19,7.61,9.52,8.46,8.33,9.07,7.88,8.71,8.94,9.43,9.54,10.16,10.25,10.10,10.63,11.89,11.60,11.38,12.33,12.14,11.29,9.35,11.30
E12000006,East of England,E07000095,Broxbourne,6.50,6.95,7.31,7.07,7.41,8.00,7.88,7.29,7.56,7.78,7.66,7.60,8.24,8.66,10.15,10.38,10.44,10.51,9.71,11.41,10.66,11.40,10.02,10.64
E12000006,East of England,E07000096,Dacorum,6.09,6.92,7.58,7.59,7.79,8.22,8.38,7.18,8.31,7.80,8.34,8.20,8.99,9.77,9.93,11.25,11.20,11.30,11.20,12.51,11.70,11.14,10.81,11.47
E12000006,East of England,E07000098,Hertsmere,6.64,7.93,8.05,8.30,8.45,9.20,9.40,8.26,10.00,9.93,10.06,10.78,13.09,13.22,14.23,14.29,13.75,12.56,13.07,15.00,16.58,14.79,12.24,14.34
E12000006,East of England,E07000099,North Hertfordshire,5.54,6.78,7.22,7.04,7.45,7.74,7.22,6.40,6.93,6.96,6.76,6.65,7.37,8.12,8.97,9.30,9.63,9.06,9.24,10.35,9.51,9.34,8.89,9.47
E12000006,East of England,E07000102,Three Rivers,7.52,6.73,7.46,8.68,8.84,8.04,8.69,7.61,8.71,8.79,9.79,9.48,10.86,12.48,13.73,14.36,13.72,14.29,12.50,14.59,14.34,13.22,11.57,13.24
E12000006,East of England,E07000103,Watford,5.54,6.49,7.12,6.50,6.58,6.96,6.96,6.62,6.84,6.78,6.68,6.71,7.81,9.07,9.91,10.31,11.87,10.49,10.87,12.54,12.00,10.15,9.36,10.98
E12000006,East of England,E07000143,Breckland,5.16,6.32,7.21,7.08,7.44,8.28,7.48,6.97,7.33,6.85,6.55,6.83,7.20,7.56,8.05,8.68,8.58,8.32,8.46,9.37,8.83,8.77,8.07,8.70
E12000006,East of England,E07000144,Broadland,5.86,7.15,7.37,7.67,7.62,8.31,8.09,6.64,6.83,6.33,6.11,6.36,7.19,7.73,7.99,8.70,8.46,8.30,8.00,9.50,9.36,9.27,7.94,8.81
E12000006,East of England,E07000145,Great Yarmouth,4.04,4.72,6.00,6.45,6.24,6.80,6.04,6.03,6.31,5.88,5.73,5.80,5.67,6.16,6.24,6.76,6.83,6.94,6.67,7.69,7.03,7.19,6.64,7.04
E12000006,East of England,E07000146,King's Lynn and West Norfolk,4.88,6.08,7.00,7.41,7.41,7.28,7.04,6.37,6.96,6.45,6.17,6.54,6.30,6.76,6.91,7.89,7.72,8.02,7.25,9.07,9.07,8.46,7.42,8.25
E12000006,East of England,E07000147,North Norfolk,6.01,7.02,7.63,8.97,9.55,9.08,8.68,7.49,8.51,7.80,8.44,8.25,7.75,8.37,9.46,9.60,10.03,9.72,9.55,10.53,10.51,10.71,9.98,10.26
E12000006,East of England,E07000148,Norwich,4.73,5.75,6.32,6.41,6.29,7.19,6.74,5.71,6.05,5.91,6.26,6.15,6.92,6.93,6.80,7.20,7.55,7.16,7.11,7.53,7.21,7.04,6.65,7.11
E12000006,East of England,E07000149,South Norfolk,5.84,6.86,7.35,7.23,7.92,7.99,7.53,6.55,6.65,6.56,6.41,6.92,7.00,6.98,7.52,8.91,8.12,8.55,8.58,9.12,9.50,9.01,7.95,8.83
E12000006,East of England,E07000200,Babergh,5.92,6.71,7.35,7.96,7.74,8.71,8.49,6.71,7.31,6.66,7.54,7.54,7.76,8.11,8.78,8.61,9.28,8.87,8.96,10.67,10.75,11.02,9.09,10.10
E12000006,East of England,E07000202,Ipswich,4.69,5.13,6.06,6.48,6.02,6.33,6.17,5.31,5.44,5.66,5.57,5.64,5.75,6.08,6.15,6.84,7.05,7.05,7.31,7.97,7.93,7.38,6.88,7.49
E12000006,East of England,E07000203,Mid Suffolk,5.96,6.45,7.40,7.63,7.44,7.77,7.43,6.74,7.68,7.16,7.45,6.54,6.94,7.05,8.38,9.83,9.64,8.82,8.64,10.00,9.64,9.52,8.09,9.18
E12000006,East of England,E07000240,St Albans,[x],8.09,8.17,7.94,9.02,9.09,8.74,8.18,9.05,9.36,9.36,9.39,10.01,11.74,12.62,12.98,12.62,12.82,12.42,12.78,13.31,13.52,11.60,12.73
E12000006,East of England,E07000241,Welwyn Hatfield,[x],7.25,7.84,7.68,7.58,7.55,7.54,7.00,7.52,7.92,8.20,8.55,8.50,9.80,11.17,11.40,11.40,11.41,11.11,13.00,11.64,11.05,10.35,11.43
E12000006,East of England,E07000242,East Hertfordshire,[x],7.06,6.97,7.32,7.43,8.31,7.26,6.39,7.07,7.96,7.62,8.72,9.00,9.42,10.20,10.83,10.75,10.29,10.31,11.09,9.88,9.95,9.24,10.09
E12000006,East of England,E07000243,Stevenage,[x],6.04,6.60,7.02,6.59,6.53,6.64,6.02,6.26,5.81,5.93,6.20,7.02,7.69,8.67,9.12,8.62,9.32,8.16,10.99,9.99,9.99,8.79,9.58
E12000006,East of England,E07000244,East Suffolk,[x],5.90,6.50,6.79,6.67,7.10,7.23,6.19,7.15,6.69,7.03,6.94,6.67,7.41,7.56,8.43,8.60,7.95,8.25,9.50,9.08,8.66,8.27,8.75
E12000006,East of England,E07000245,West Suffolk,[x],6.70,7.50,7.73,7.43,7.98,8.29,6.96,6.87,6.79,7.08,7.41,7.86,8.33,8.23,8.23,8.68,8.92,8.55,9.61,9.23,8.60,7.94,8.79
E12000007,London,E09000001,City of London,6.29,[x],[x],[x],[x],[x],[x],9.52,[x],8.66,[x],[x],[x],[x],14.83,[x],16.49,[x],[x],[x],16.07,[x],[x],[x]
E12000007,London,E09000002,Barking and Dagenham,4.68,6.26,7.18,7.15,6.55,7.05,7.46,5.71,6.30,6.56,6.38,6.28,7.54,8.24,9.89,10.00,10.40,10.74,9.74,10.25,10.76,10.89,9.52,10.23
E12000007,London,E09000003,Barnet,7.42,8.49,8.64,8.46,9.12,9.83,9.16,8.47,9.72,10.06,10.05,10.16,12.14,13.30,14.05,13.70,14.45,14.19,15.17,16.01,15.68,13.42,13.34,14.72
E12000007,London,E09000004,Bexley,5.56,6.29,6.57,6.73,6.79,7.19,6.97,6.29,6.72,6.77,6.53,6.68,7.69,8.47,9.44,10.01,10.04,9.61,9.18,10.44,9.98,9.75,9.41,9.75
E12000007,London,E09000005,Brent,8.10,9.32,9.26,9.59,9.85,10.80,9.89,9.75,10.31,11.19,11.13,12.13,12.36,13.43,15.21,15.65,16.32,15.59,14.34,15.24,14.67,14.56,14.18,14.60
E12000007,London,E09000006,Bromley,6.48,7.13,7.54,7.45,7.54,7.71,7.49,6.99,7.82,8.06,7.64,7.94,8.92,9.93,10.86,10.83,11.00,10.73,10.30,11.95,11.47,10.82,10.56,11.02
E12000007,London,E09000007,Camden,9.71,9.24,10.40,10.29,10.38,11.40,11.97,11.15,12.63,13.96,13.30,15.15,17.43,17.17,18.51,19.40,18.23,18.27,19.12,19.50,19.68,17.77,16.84,18.58
E12000007,London,E09000008,Croydon,5.82,6.60,7.23,7.35,7.38,7.96,7.82,6.80,7.17,7.27,7.41,7.54,7.82,8.98,10.18,10.73,10.46,10.95,10.29,11.35,10.83,10.19,9.47,10.43
E12000007,London,E09000009,Ealing,7.09,8.47,8.68,8.96,8.88,9.22,9.66,8.07,9.61,9.42,9.94,10.93,12.28,14.34,14.73,14.88,14.16,14.79,13.29,14.64,14.57,13.54,12.81,13.77
E12000007,London,E09000010,Enfield,6.03,7.38,7.31,7.83,7.75,8.17,8.44,7.76,8.00,8.26,8.26,8.43,9.16,10.35,12.16,13.00,12.94,12.34,12.69,12.84,12.46,11.80,10.59,12.08
E12000007,London,E09000011,Greenwich,5.99,6.37,6.86,7.41,7.70,7.53,7.88,6.74,7.61,8.17,7.96,8.10,10.09,10.57,11.87,12.67,11.95,12.73,12.18,12.92,12.51,11.67,10.09,11.87
E12000007,London,E09000012,Hackney,7.37,8.15,8.70,8.25,9.48,9.04,9.06,8.91,9.57,9.21,10.41,11.42,12.82,14.36,16.67,15.22,16.34,16.04,17.34,16.52,14.54,14.04,12.63,15.01
E12000007,London,E09000013,Hammersmith and Fulham,8.55,9.31,9.82,10.80,10.80,11.67,11.76,11.07,12.36,13.11,12.48,14.45,16.95,19.28,19.21,19.08,20.04,17.34,18.87,19.46,18.39,17.72,15.83,18.05
E12000007,London,E09000014,Haringey,7.03,7.53,7.80,8.15,8.09,8.59,9.02,8.38,9.50,9.96,10.28,11.32,12.56,13.67,14.96,16.08,15.67,14.40,14.30,14.79,14.99,13.88,12.64,14.12
E12000007,London,E09000015,Harrow,7.58,9.20,9.26,9.29,9.26,9.40,8.80,7.82,8.94,9.51,10.06,9.76,11.27,11.85,13.29,14.61,13.57,12.97,12.13,13.43,13.09,12.90,12.85,12.88
E12000007,London,E09000016,Havering,5.63,6.55,6.91,6.73,7.02,7.52,7.20,6.54,7.09,7.29,6.88,7.34,7.99,8.73,9.78,10.61,10.54,10.77,10.47,11.14,11.88,10.59,9.71,10.76
E12000007,London,E09000017,Hillingdon,6.47,7.28,7.56,7.87,8.55,8.39,8.65,7.94,8.26,8.13,7.96,8.34,9.33,10.34,11.64,13.13,13.56,13.15,12.09,12.62,11.50,11.36,11.49,11.81
E12000007,London,E09000018,Hounslow,7.00,7.92,8.65,8.40,9.03,9.34,9.02,8.50,8.54,8.55,8.67,9.21,10.30,11.59,12.62,11.95,12.75,11.82,12.21,13.83,12.60,12.36,12.02,12.60
E12000007,London,E09000019,Islington,8.71,8.84,8.67,8.94,8.91,10.28,10.84,9.99,10.95,11.18,10.64,12.55,13.57,16.27,16.51,16.22,13.09,13.73,13.92,14.80,15.62,15.10,13.22,14.53
E12000007,London,E09000020,Kensington and Chelsea,10.68,10.77,10.04,10.86,11.19,15.48,15.26,13.89,15.93,16.48,21.32,20.88,25.28,29.69,30.38,29.15,33.43,27.64,26.18,24.77,34.77,25.00,22.80,26.70
E12000007,London,E09000021,Kingston upon Thames,7.16,7.77,8.47,8.38,8.10,8.52,9.50,7.99,8.78,8.60,8.69,9.06,10.19,10.88,11.83,12.90,12.74,12.71,12.00,13.01,12.22,12.05,12.24,12.30
E12000007,London,E09000022,Lambeth,8.02,7.59,8.38,8.21,8.98,9.36,9.49,8.19,9.00,8.95,9.85,10.14,12.43,13.53,15.01,15.03,13.82,14.40,13.80,13.80,13.17,12.67,11.12,12.91
E12000007,London,E09000023,Lewisham,5.85,6.33,6.57,6.94,7.34,7.97,8.06,7.29,7.63,8.09,7.76,7.70,9.33,10.88,11.71,12.28,12.21,12.74,11.57,13.17,12.46,11.36,10.14,11.74
E12000007,London,E09000024,Merton,6.81,7.27,7.90,7.84,8.57,8.50,8.46,7.56,8.60,8.93,8.59,9.43,11.48,11.97,13.44,12.83,12.91,12.40,11.55,15.88,14.21,13.52,11.74,13.38
E12000007,London,E09000025,Newham,6.47,7.65,8.27,8.09,8.55,9.29,9.40,7.72,8.00,8.12,8.21,8.00,9.66,10.78,12.24,13.40,13.28,13.03,12.51,12.51,12.50,11.49,11.21,12.04
E12000007,London,E09000026,Redbridge,6.22,7.10,8.27,7.96,7.86,7.97,7.60,7.01,7.19,7.76,8.02,8.37,8.76,9.51,11.26,12.50,12.79,11.99,11.76,13.19,12.69,12.24,11.56,12.29
E12000007,London,E09000027,Richmond upon Thames,7.26,7.95,8.35,8.41,9.18,9.85,9.85,9.18,10.35,10.21,10.35,11.82,12.79,14.27,14.38,15.68,14.84,14.74,13.31,15.87,16.60,15.20,12.76,14.75
E12000007,London,E09000028,Southwark,7.54,7.99,8.44,8.51,8.18,8.86,8.98,8.48,9.15,9.69,9.61,10.12,12.13,13.56,14.72,15.20,15.35,14.31,13.78,14.44,13.26,12.40,12.24,13.22
E12000007,London,E09000029,Sutton,6.29,6.66,7.39,7.38,7.56,8.01,8.00,7.18,7.36,8.00,7.83,8.06,8.72,10.00,10.54,11.10,10.77,10.40,11.11,11.64,11.86,11.13,10.35,11.22
E12000007,London,E09000030,Tower Hamlets,7.81,7.58,7.99,8.35,8.56,8.48,9.12,8.24,8.88,8.87,8.70,9.01,10.88,11.89,12.82,12.88,12.73,11.51,12.38,14.13,13.14,11.18,10.21,12.21
E12000007,London,E09000031,Waltham Forest,5.69,6.62,7.20,7.55,7.64,8.37,8.28,7.40,7.81,8.51,8.27,8.96,10.68,12.13,13.20,14.08,13.55,12.66,12.47,13.61,12.44,13.23,11.59,12.67
E12000007,London,E09000032,Wandsworth,7.52,8.07,8.48,8.59,9.31,10.53,10.28,9.14,9.79,10.64,10.89,11.75,13.12,13.78,15.12,16.20,14.80,14.38,14.43,14.68,14.61,13.42,12.87,14.00
E12000007,London,E09000033,Westminster,11.01,11.41,10.60,11.30,12.32,12.86,12.93,13.27,12.14,14.61,14.16,18.69,20.38,20.54,23.48,24.77,23.71,21.35,22.45,21.49,24.29,20.90,18.31,21.49
E12000008,South East,E06000035,Medway,4.24,5.35,5.83,6.18,5.82,6.26,6.04,5.13,5.56,5.33,5.24,5.69,5.67,6.33,7.27,7.64,7.96,7.90,7.67,9.35,8.93,8.61,7.83,8.48
E12000008,South East,E06000036,Bracknell Forest,5.76,6.85,6.38,6.61,6.93,7.29,7.70,6.65,7.78,7.35,7.78,7.63,8.28,9.05,10.33,10.13,10.63,9.97,9.81,10.66,10.53,10.44,9.22,10.13
E12000008,South East,E06000037,West Berkshire,6.73,7.37,7.58,7.63,7.53,8.56,7.65,7.57,7.85,8.24,7.74,7.64,8.13,8.94,9.69,10.14,10.61,9.64,9.68,11.22,10.67,10.17,8.78,10.10
E12000008,South East,E06000038,Reading,5.92,6.22,6.48,7.05,7.27,7.33,6.88,6.06,6.52,6.70,6.20,6.22,6.97,8.43,8.93,9.15,9.32,9.36,9.16,8.79,9.13,9.58,8.30,8.99
E12000008,South East,E06000039,Slough,6.11,7.21,7.38,7.70,7.58,7.73,7.88,6.74,7.01,7.09,7.06,7.36,8.05,8.77,9.90,10.99,10.21,10.00,9.93,10.13,9.84,10.55,10.04,10.10
E12000008,South East,E06000040,Windsor and Maidenhead,7.47,7.92,7.93,8.22,8.13,9.13,9.02,8.08,9.20,8.74,8.37,8.86,9.87,11.16,11.91,12.44,11.73,11.28,11.93,13.17,12.77,12.29,10.98,12.23
E12000008,South East,E06000041,Wokingham,6.43,7.43,7.94,7.50,7.44,8.24,7.83,7.41,7.55,7.54,7.53,7.59,8.70,9.74,10.62,11.39,10.52,10.95,10.98,11.56,11.00,10.69,10.52,10.95
E12000008,South East,E06000042,Milton Keynes,5.33,5.77,6.19,6.80,6.84,6.86,6.78,6.05,6.70,6.25,6.40,6.35,6.92,8.12,8.50,8.43,9.28,8.83,9.04,9.57,9.71,9.89,8.47,9.34
E12000008,South East,E06000043,Brighton and Hove,6.37,7.42,7.41,8.16,8.22,8.84,8.52,7.56,8.49,8.57,8.54,8.86,9.29,10.43,10.54,11.40,11.48,11.25,10.64,12.38,12.05,12.15,10.83,11.61
E12000008,South East,E06000044,Portsmouth,4.90,5.60,6.54,6.33,6.54,7.11,7.05,5.66,5.89,6.13,6.05,6.11,6.19,6.41,7.15,7.50,7.66,7.35,8.02,8.08,7.73,7.94,7.24,7.80
E12000008,South East,E06000045,Southampton,5.66,6.40,6.64,6.85,6.96,7.33,7.31,6.53,6.92,6.79,6.58,6.48,6.75,6.92,7.18,7.47,8.03,7.50,7.35,7.51,7.45,7.54,7.24,7.42
E12000008,South East,E06000046,Isle of Wight,6.01,6.38,7.68,7.49,7.73,7.78,7.33,6.92,7.85,7.12,6.89,7.07,6.97,7.27,7.52,7.65,8.00,8.03,7.72,9.41,8.82,9.21,7.59,8.55
E12000008,South East,E06000060,Buckinghamshire,6.54,7.44,7.96,8.32,8.54,8.75,8.53,7.60,8.33,8.17,8.37,8.75,9.38,9.89,10.72,10.98,10.96,11.04,11.00,12.32,11.55,11.39,10.39,11.33
E12000008,South East,E07000061,Eastbourne,5.51,6.65,7.43,7.34,8.08,7.57,8.47,6.95,7.03,7.45,7.38,7.18,6.83,7.34,8.64,8.58,8.07,8.27,7.89,9.62,8.99,7.92,7.81,8.45
E12000008,South East,E07000062,Hastings,5.07,6.24,6.97,7.05,7.20,7.99,7.88,6.63,6.77,6.60,6.90,7.07,6.95,6.88,8.01,8.63,9.20,9.12,8.90,10.05,9.74,9.15,8.41,9.25
E12000008,South East,E07000063,Lewes,6.27,7.40,7.93,8.33,8.41,9.56,8.98,7.67,7.89,8.22,8.54,8.37,8.56,9.53,9.89,9.60,11.16,9.74,10.22,10.94,11.41,11.80,10.97,11.07
E12000008,South East,E07000064,Rother,6.38,7.72,8.62,8.36,8.36,8.33,8.53,7.15,8.26,8.46,8.81,8.83,9.14,9.45,10.01,9.27,10.33,9.96,10.63,11.61,11.60,11.36,10.05,11.05
E12000008,South East,E07000065,Wealden,6.53,7.47,8.39,8.93,8.63,8.69,8.74,7.52,7.71,7.93,7.68,8.49,8.31,8.78,9.40,9.93,10.44,10.01,9.52,11.93,11.85,10.93,10.57,10.96
E12000008,South East,E07000084,Basingstoke and Deane,5.74,6.94,7.09,7.41,7.37,7.59,7.55,6.75,7.15,7.10,7.18,7.07,7.16,7.74,8.21,8.96,9.54,8.46,8.75,9.14,8.96,8.90,8.32,8.81
E12000008,South East,E07000085,East Hampshire,6.32,7.02,8.15,8.47,7.98,8.35,8.32,7.89,8.49,8.78,8.35,8.52,9.87,10.51,10.61,10.30,10.27,10.52,10.33,12.03,12.32,11.45,10.08,11.24
E12000008,South East,E07000086,Eastleigh,6.27,6.88,7.43,7.43,7.49,7.52,7.42,6.32,7.25,7.23,7.23,7.20,7.39,7.95,8.68,9.13,9.85,9.86,8.65,9.24,9.73,9.08,8.28,9.00
E12000008,South East,E07000087,Fareham,6.20,6.87,7.59,7.58,7.43,7.87,7.65,6.70,7.24,7.07,7.31,7.59,7.49,8.05,8.65,9.04,9.13,8.54,9.04,8.62,9.21,8.76,8.09,8.74
E12000008,South East,E07000088,Gosport,5.67,6.35,6.87,6.52,6.66,6.44,6.00,5.31,5.71,5.97,6.12,5.73,5.69,6.03,6.63,7.07,7.32,7.12,7.14,7.38,7.39,7.87,7.00,7.36
E12000008,South East,E07000089,Hart,6.39,6.91,7.02,7.55,6.90,7.76,8.42,7.20,7.46,7.57,7.70,8.60,8.83,9.91,10.91,10.64,10.72,10.57,10.05,10.60,10.71,10.40,9.39,10.23
E12000008,South East,E07000090,Havant,6.46,7.07,7.92,7.32,7.82,8.11,7.79,7.17,7.61,7.29,7.22,6.90,7.84,8.10,8.96,8.91,8.97,8.97,9.55,10.87,10.68,10.12,8.48,9.94
E12000008,South East,E07000091,New Forest,7.15,8.33,8.74,9.93,9.82,9.90,9.65,8.52,8.87,8.88,8.65,8.50,8.74,10.04,10.06,10.31,10.78,10.50,10.04,11.90,12.30,10.60,10.55,11.08
E12000008,South East,E07000092,Rushmoor,6.03,6.40,6.44,7.01,6.62,7.20,7.59,6.59,6.98,7.45,7.45,7.25,7.71,8.76,9.55,10.18,9.09,9.35,8.48,9.27,9.44,9.97,8.92,9.22
E12000008,South East,E07000093,Test Valley,6.74,7.62,8.08,7.89,8.25,8.90,9.44,7.92,8.64,8.94,8.41,8.15,8.36,8.16,8.70,8.55,9.20,9.06,8.98,10.09,9.56,9.63,9.10,9.47
E12000008,South East,E07000094,Winchester,7.37,7.65,7.77,8.35,8.54,9.11,8.89,7.23,8.58,8.81,8.66,8.78,10.27,10.49,10.05,11.25,10.25,11.08,11.80,12.56,13.01,11.38,10.31,11.81
E12000008,South East,E07000105,Ashford,5.84,6.88,7.14,7.49,7.64,8.44,7.85,6.99,7.64,6.82,6.78,7.32,8.31,8.25,8.74,9.10,9.44,8.92,9.93,11.05,10.48,10.95,9.42,10.37
E12000008,South East,E07000106,Canterbury,6.28,6.84,7.34,6.94,7.31,8.56,7.91,6.48,7.64,6.64,7.29,6.92,7.45,7.47,9.29,8.78,9.63,8.67,10.37,11.36,10.00,10.34,9.37,10.29
E12000008,South East,E07000107,Dartford,5.01,6.41,6.30,6.80,6.87,6.85,6.90,5.75,6.20,6.16,6.73,6.74,7.06,8.45,8.57,9.32,8.91,9.17,8.43,10.03,9.55,9.49,8.27,9.15
E12000008,South East,E07000108,Dover,4.66,5.58,6.65,6.80,6.82,6.90,6.20,5.81,5.92,5.88,5.88,6.05,6.55,7.39,8.36,8.84,8.45,8.07,7.25,9.26,9.33,9.20,7.36,8.48
E12000008,South East,E07000109,Gravesham,4.93,5.92,6.44,6.38,5.90,6.91,6.91,5.83,6.02,6.03,6.24,6.54,7.09,7.73,8.60,9.66,9.52,8.96,10.08,10.58,10.37,8.95,9.26,9.85
E12000008,South East,E07000110,Maidstone,6.12,6.53,7.51,7.24,7.24,7.53,7.78,6.13,6.87,6.66,6.82,7.76,7.80,8.21,8.94,9.84,10.31,10.18,9.83,10.94,10.52,10.66,9.74,10.34
E12000008,South East,E07000111,Sevenoaks,7.35,8.00,8.04,8.58,8.62,8.15,8.16,7.87,7.96,8.69,9.37,9.52,9.66,11.39,11.65,11.56,13.10,10.49,11.16,11.62,13.61,11.27,10.42,11.62
E12000008,South East,E07000112,Folkestone and Hythe,5.14,6.55,6.44,7.02,7.87,8.38,7.40,6.88,7.17,6.74,6.42,6.53,7.20,7.09,8.98,8.95,9.18,8.76,8.64,9.48,9.33,9.15,8.22,8.96
E12000008,South East,E07000113,Swale,4.76,5.38,5.78,6.15,6.57,6.59,6.47,5.56,5.95,5.32,5.53,5.89,6.24,6.42,7.93,7.89,7.94,7.99,7.82,9.18,8.87,8.10,7.81,8.36
E12000008,South East,E07000114,Thanet,5.03,6.24,6.62,7.03,7.45,7.00,7.29,6.94,7.55,6.95,7.09,6.54,7.42,7.89,8.21,8.69,9.38,9.10,9.19,10.22,9.73,9.43,7.90,9.29
E12000008,South East,E07000115,Tonbridge and Malling,7.17,7.67,8.08,8.50,8.31,8.70,8.24,6.80,7.88,7.37,7.52,8.06,8.99,8.12,9.55,10.04,9.84,9.66,9.72,10.23,10.63,10.29,10.11,10.20
E12000008,South East,E07000116,Tunbridge Wells,6.16,7.28,7.84,8.19,8.34,8.92,7.75,6.98,8.08,7.22,7.30,7.26,7.52,8.54,11.17,11.48,10.31,10.18,9.05,12.26,13.14,12.36,9.53,11.27
E12000008,South East,E07000177,Cherwell,5.75,7.08,7.49,7.30,7.63,8.14,7.74,6.62,6.81,7.53,7.53,8.09,8.57,8.75,9.46,9.60,9.83,10.16,9.18,9.86,9.92,9.83,8.11,9.38
E12000008,South East,E07000178,Oxford,8.65,9.29,9.20,9.64,9.28,9.88,10.19,8.87,9.43,9.21,10.04,10.39,10.20,11.14,12.44,12.17,11.66,12.36,11.75,12.46,12.24,12.22,11.19,11.97
E12000008,South East,E07000179,South Oxfordshire,6.76,7.28,7.81,8.21,8.80,8.73,8.33,8.47,8.69,8.43,9.21,8.79,8.88,10.19,10.36,10.34,10.32,10.02,10.23,11.99,11.26,10.64,10.11,10.85
E12000008,South East,E07000180,Vale of White Horse,7.10,7.59,7.91,7.75,7.81,8.04,7.92,7.27,7.84,7.88,7.98,7.91,8.56,9.36,9.73,9.71,9.48,8.97,9.27,10.72,9.99,10.33,9.15,9.89
E12000008,South East,E07000181,West Oxfordshire,6.67,7.76,8.15,8.09,8.60,8.82,8.56,7.42,7.49,8.01,7.95,8.31,8.34,8.79,9.76,10.62,9.75,9.83,10.44,11.60,11.04,10.93,8.56,10.51
E12000008,South East,E07000207,Elmbridge,8.35,8.46,8.58,8.28,8.49,8.79,9.70,9.65,11.14,9.64,10.18,11.43,12.02,12.89,13.86,14.92,13.47,13.41,14.38,14.58,16.14,13.68,12.94,14.34
E12000008,South East,E07000208,Epsom and Ewell,8.13,8.23,8.55,8.79,9.45,10.05,8.41,7.79,9.41,8.42,8.77,9.31,10.39,11.46,12.98,13.07,13.17,12.49,12.99,14.59,13.25,12.09,12.32,13.05
E12000008,South East,E07000209,Guildford,7.08,7.39,8.21,8.16,8.26,9.41,9.05,7.04,8.58,8.93,8.64,8.97,10.35,10.90,11.75,11.74,11.87,11.21,11.13,12.09,11.74,12.61,10.87,11.69
E12000008,South East,E07000210,Mole Valley,7.79,8.32,8.51,8.90,9.37,9.38,10.95,9.51,9.37,10.89,11.08,11.35,11.76,13.57,14.18,14.42,15.29,14.89,16.79,15.44,14.32,14.34,12.08,14.59
E12000008,South East,E07000211,Reigate and Banstead,6.87,7.57,8.02,8.14,8.05,7.90,7.61,7.08,7.94,7.91,7.30,7.89,8.80,9.92,11.68,11.59,10.83,10.69,10.63,12.08,11.19,11.03,10.62,11.11
E12000008,South East,E07000212,Runnymede,7.34,7.83,8.33,7.96,8.04,8.95,8.70,7.83,7.54,8.46,7.97,8.30,9.90,10.55,11.87,12.15,12.61,10.03,12.13,12.02,11.94,10.17,9.92,11.24
E12000008,South East,E07000213,Spelthorne,6.59,6.83,7.00,6.97,7.51,7.57,7.70,7.43,7.63,7.49,7.59,7.57,8.50,9.39,10.42,11.20,11.00,11.50,11.50,10.89,11.49,10.96,11.08,11.18
E12000008,South East,E07000214,Surrey Heath,6.86,7.62,7.68,7.40,7.62,7.63,7.87,7.49,7.81,8.23,8.20,8.15,8.81,10.09,10.30,10.17,10.34,11.27,11.00,10.53,10.55,10.42,9.65,10.43
E12000008,South East,E07000215,Tandridge,7.07,7.73,9.19,8.89,9.13,8.82,9.69,8.60,9.82,10.48,9.30,9.64,10.53,11.85,11.46,12.35,11.59,11.81,11.70,12.52,12.66,12.00,12.06,12.19
E12000008,South East,E07000216,Waverley,7.37,8.53,9.07,8.21,8.85,8.59,8.79,8.25,8.63,9.66,8.93,9.88,9.37,10.37,10.57,11.24,11.76,11.41,11.66,12.90,11.80,12.37,10.71,11.89
E12000008,South East,E07000217,Woking,6.70,7.08,7.97,8.13,8.60,8.59,8.60,8.18,8.66,8.38,7.61,8.32,9.14,10.70,10.70,11.07,11.09,10.83,9.94,11.81,11.45,10.90,9.89,10.80
E12000008,South East,E07000223,Adur,6.11,7.17,8.01,9.10,8.62,9.57,9.76,8.64,9.44,9.61,9.04,9.72,9.87,10.31,11.56,12.23,11.39,11.19,10.41,12.82,11.65,11.58,9.96,11.28
E12000008,South East,E07000224,Arun,7.27,8.56,8.07,8.77,8.64,9.56,8.44,7.94,8.71,8.90,8.71,8.62,9.09,9.62,10.15,10.36,10.21,11.06,10.04,11.29,11.95,12.45,9.13,10.97
E12000008,South East,E07000225,Chichester,6.16,7.75,10.40,9.65,9.41,10.30,10.42,8.96,9.94,9.50,9.47,10.29,11.22,11.11,11.08,11.57,11.80,10.50,12.69,13.45,12.31,12.26,11.81,12.50
E12000008,South East,E07000226,Crawley,5.99,6.49,6.64,7.23,6.70,7.92,7.63,6.70,6.76,6.87,6.83,7.16,7.93,8.63,8.96,10.00,10.51,9.87,9.37,9.94,9.74,9.95,8.86,9.57
E12000008,South East,E07000227,Horsham,7.21,7.77,8.35,8.26,8.29,8.21,7.92,7.56,8.56,7.98,8.84,8.79,9.89,10.23,10.62,11.24,11.14,10.93,11.67,12.21,11.98,11.83,10.33,11.60
E12000008,South East,E07000228,Mid Sussex,6.84,8.01,8.46,8.12,8.72,8.80,8.52,7.72,8.17,8.37,8.31,8.87,9.48,9.93,10.58,10.71,10.25,10.73,10.21,11.75,12.07,11.11,10.78,11.18
E12000008,South East,E07000229,Worthing,5.44,6.53,7.27,8.05,7.96,8.34,7.66,6.89,7.73,7.41,7.70,7.70,8.30,9.04,9.21,10.56,10.32,9.64,9.87,10.79,11.03,10.38,9.50,10.31
E12000009,South West,E06000022,Bath and North East Somerset,6.48,7.41,8.00,8.57,8.24,9.21,8.77,8.02,8.68,8.87,8.56,8.02,8.76,9.52,9.79,10.78,10.19,10.08,10.61,12.25,10.32,10.21,9.70,10.62
E12000009,South West,E06000023,"Bristol, City of",5.44,6.39,6.63,6.80,7.08,7.53,7.28,6.36,6.65,6.78,6.74,6.75,7.16,7.62,8.66,9.13,9.06,8.85,8.66,9.67,9.49,9.48,8.72,9.20
E12000009,South West,E06000024,North Somerset,5.16,5.90,6.35,6.54,6.61,6.92,7.12,6.43,6.86,6.45,6.30,6.37,6.69,7.29,7.51,7.68,8.27,8.30,7.79,10.22,8.89,8.91,8.20,8.80
E12000009,South West,E06000025,South Gloucestershire,5.59,6.18,6.35,6.66,6.81,7.41,7.19,6.47,7.09,6.74,6.73,6.89,6.99,7.65,8.07,8.47,8.83,8.69,9.07,9.76,9.88,9.21,8.31,9.25
E12000009,South West,E06000026,Plymouth,4.19,4.64,5.73,6.55,6.57,7.14,6.34,5.99,6.14,6.00,5.96,6.01,6.33,6.48,6.61,6.26,6.32,6.89,6.48,7.54,7.63,6.69,6.41,6.95
E12000009,South West,E06000027,Torbay,6.16,7.21,8.02,8.29,8.19,8.80,8.48,7.97,8.34,7.25,7.35,7.30,7.53,7.82,8.03,7.87,8.05,7.64,7.51,8.71,8.43,8.68,8.04,8.27
E12000009,South West,E06000030,Swindon,5.44,5.80,6.00,6.14,6.26,6.18,5.92,5.28,5.81,5.58,5.57,5.82,5.90,6.22,6.67,7.45,7.60,7.50,7.21,8.04,7.74,7.76,7.01,7.55
E12000009,South West,E06000052,Cornwall,[x],7.64,8.81,9.21,9.26,9.64,9.33,8.13,8.38,8.60,8.38,8.32,8.16,8.58,8.55,8.60,8.98,8.75,8.74,10.74,9.76,9.17,8.36,9.35
E12000009,South West,E06000053,Isles of Scilly,[x],[x],[x],[x],[x],[x],[x],25.28,[x],[x],[x],[x],[x],[x],[x],[x],[x],16.96,[x],[x],[x],[x],[x],[x]
E12000009,South West,E06000054,Wiltshire,6.32,7.00,7.22,7.70,7.83,8.01,7.86,7.01,7.82,7.63,7.97,7.69,7.89,8.32,9.05,8.92,9.22,9.20,8.82,9.84,9.46,9.22,8.50,9.17
E12000009,South West,E06000058,"Bournemouth, Christchurch and Poole",[x],8.03,8.83,8.66,8.85,8.93,8.92,7.58,8.59,8.18,7.94,7.68,8.11,8.73,9.11,9.57,9.10,9.01,9.75,11.16,10.27,10.17,9.42,10.15
E12000009,South West,E06000059,Dorset,[x],8.70,9.71,9.53,9.54,10.16,10.28,8.75,9.69,9.28,9.19,8.85,9.35,9.33,10.11,10.68,10.31,9.85,9.59,11.05,11.11,10.26,9.77,10.36
E12000009,South West,E06000066,Somerset,[x],6.66,7.52,7.62,7.51,7.99,7.93,6.95,7.16,7.30,7.10,7.07,7.27,7.60,7.89,8.17,8.24,7.88,8.07,9.24,9.08,8.78,7.76,8.59
E12000009,South West,E07000040,East Devon,7.56,8.92,9.04,9.53,9.13,10.08,10.31,9.08,9.86,9.70,9.81,8.67,9.22,9.44,8.65,9.87,10.04,9.37,9.64,10.41,9.80,9.96,8.50,9.66
E12000009,South West,E07000041,Exeter,5.77,7.45,7.82,8.06,8.39,8.83,8.59,7.69,7.91,8.04,8.26,7.96,8.16,8.96,8.25,9.16,8.94,8.40,8.42,9.28,9.45,9.92,8.45,9.10
E12000009,South West,E07000042,Mid Devon,6.08,7.30,7.82,8.12,8.42,9.30,9.59,7.83,8.36,8.26,7.87,8.05,8.00,8.09,8.20,8.01,8.40,8.48,9.33,9.66,10.05,9.16,8.05,9.25
E12000009,South West,E07000043,North Devon,7.06,7.97,9.54,10.88,10.76,11.15,10.33,9.57,9.61,9.04,8.92,8.92,9.05,9.54,9.71,10.08,9.96,10.45,10.50,10.84,10.39,10.06,8.98,10.15
E12000009,South West,E07000044,South Hams,6.78,8.24,9.09,9.54,9.32,9.18,9.51,8.30,9.59,9.61,8.89,9.75,8.85,9.78,10.41,10.34,10.64,10.33,10.64,11.17,12.09,11.38,10.01,11.06
E12000009,South West,E07000045,Teignbridge,6.57,7.69,8.93,9.20,9.61,9.49,8.02,7.51,8.35,8.52,8.06,8.24,8.61,8.83,9.07,10.15,9.99,9.68,10.11,10.22,10.81,10.62,9.09,10.17
E12000009,South West,E07000046,Torridge,6.41,7.62,9.16,9.87,9.54,9.29,8.90,8.29,9.35,8.71,8.11,8.07,7.84,8.34,8.61,8.40,9.12,8.96,8.35,9.83,9.49,10.13,8.47,9.25
E12000009,South West,E07000047,West Devon,6.38,7.06,7.65,8.18,8.76,10.21,9.48,7.38,8.72,8.12,8.16,7.48,7.42,8.14,8.92,9.23,8.73,9.30,9.81,11.36,10.64,10.01,8.83,10.13
E12000009,South West,E07000078,Cheltenham,5.54,6.02,7.16,7.06,6.89,7.17,7.21,6.19,7.17,7.22,7.00,6.78,7.40,7.55,8.28,8.68,8.92,8.13,8.01,9.09,7.88,8.88,8.00,8.37
E12000009,South West,E07000079,Cotswold,8.00,9.14,9.67,10.39,9.99,9.87,10.96,9.87,11.81,10.86,10.17,10.44,10.77,11.00,11.51,11.01,10.94,11.43,11.24,13.32,12.61,12.53,10.81,12.10
E12000009,South West,E07000080,Forest of Dean,5.33,6.38,7.02,7.58,7.51,6.92,7.16,6.72,7.01,6.55,6.17,5.74,6.50,6.69,6.54,6.44,7.70,7.63,7.25,9.33,7.02,7.66,7.47,7.75
E12000009,South West,E07000081,Gloucester,4.53,5.75,6.31,6.41,6.81,7.11,6.67,5.50,6.29,6.03,6.13,5.81,6.27,6.57,6.61,6.91,6.98,7.02,7.64,8.18,7.93,8.01,7.27,7.81
E12000009,South West,E07000082,Stroud,6.02,6.78,7.51,7.69,7.48,8.29,7.33,6.95,7.24,7.21,6.91,7.08,7.61,8.03,8.69,8.99,9.47,9.43,8.70,10.44,9.46,9.67,9.32,9.52
E12000009,South West,E07000083,Tewkesbury,5.25,6.43,7.32,7.00,6.88,8.04,7.76,6.14,6.87,6.45,6.87,6.60,7.82,7.33,7.77,7.92,9.42,8.38,8.14,9.36,9.67,9.42,8.50,9.02
W92000004,Wales,W06000001,Isle of Anglesey,4.19,4.36,5.82,6.35,6.89,7.93,7.27,6.29,6.56,6.80,6.34,6.24,6.23,6.51,6.71,6.49,6.69,6.27,6.77,7.13,7.26,6.74,6.00,6.78
W92000004,Wales,W06000002,Gwynedd,3.90,4.91,5.54,6.57,6.86,6.95,7.17,6.38,6.44,6.04,5.89,5.78,5.81,6.40,6.58,6.26,6.28,6.42,5.87,7.19,6.59,6.00,6.24,6.38
W92000004,Wales,W06000003,Conwy,3.81,4.82,6.03,6.98,7.19,7.01,6.57,5.86,6.57,6.35,6.23,5.35,5.52,5.39,5.88,5.98,6.21,6.36,5.55,6.98,6.57,6.41,6.12,6.33
W92000004,Wales,W06000004,Denbighshire,3.09,4.00,4.91,6.25,6.95,6.59,6.57,5.68,6.06,5.51,5.81,5.65,5.94,6.09,5.77,5.56,5.70,5.89,6.07,6.91,6.57,6.41,6.08,6.41
W92000004,Wales,W06000005,Flintshire,3.38,4.07,5.12,5.62,5.52,6.37,5.94,5.50,5.45,5.58,5.54,5.39,5.20,5.50,5.44,5.82,5.95,6.07,5.99,6.23,6.18,5.79,5.35,5.91
W92000004,Wales,W06000006,Wrexham,3.50,4.64,5.78,5.77,6.27,6.02,6.01,5.42,5.50,5.75,5.67,5.10,5.31,5.34,5.57,5.81,5.51,5.35,5.36,6.30,5.95,5.75,5.45,5.76
W92000004,Wales,W06000008,Ceredigion,4.80,5.50,7.88,7.92,8.53,9.60,9.29,7.48,8.26,7.74,7.80,6.88,7.60,7.66,7.48,7.57,7.19,7.46,6.98,7.70,8.21,7.28,6.75,7.38
W92000004,Wales,W06000009,Pembrokeshire,4.72,5.48,7.13,7.63,8.19,7.92,7.00,7.18,6.94,6.47,7.12,6.59,6.48,6.80,6.90,6.69,6.80,7.13,6.44,6.76,6.88,7.02,6.72,6.76
W92000004,Wales,W06000010,Carmarthenshire,2.90,3.59,5.39,6.16,6.51,6.42,6.29,5.54,5.70,5.55,5.27,4.79,4.80,5.34,5.50,5.07,5.23,5.16,4.94,5.70,5.44,5.42,4.96,5.29
W92000004,Wales,W06000011,Swansea,3.22,4.03,4.87,5.70,6.00,6.16,6.03,5.65,5.46,5.04,5.01,5.10,5.03,5.34,5.39,5.32,5.02,5.33,5.55,6.07,5.90,5.54,5.42,5.70
W92000004,Wales,W06000012,Neath Port Talbot,2.47,2.48,3.36,4.16,4.04,4.67,4.77,4.32,3.78,4.31,4.10,4.13,4.16,4.12,4.33,4.39,4.48,4.14,4.54,4.41,4.54,4.51,4.33,4.47
W92000004,Wales,W06000013,Bridgend,3.32,3.92,4.60,5.18,5.84,5.67,5.42,5.54,5.27,5.19,5.06,5.11,4.96,5.25,5.48,5.41,5.22,5.55,5.65,5.98,6.01,6.18,5.84,5.93
W92000004,Wales,W06000014,Vale of Glamorgan,4.47,5.09,5.56,5.98,6.05,6.78,6.80,6.03,6.14,6.13,6.35,6.11,6.58,6.62,6.12,6.63,7.15,6.90,7.56,8.44,8.88,8.02,7.16,8.01
W92000004,Wales,W06000015,Cardiff,4.85,6.01,6.50,6.48,6.87,6.96,6.66,5.94,6.28,6.15,6.11,6.17,6.24,6.37,6.54,6.57,6.72,6.66,7.47,8.37,7.99,7.40,6.95,7.64
W92000004,Wales,W06000016,Rhondda Cynon Taf,2.46,2.90,3.56,4.25,4.35,4.71,4.51,4.06,4.07,3.85,3.82,3.72,3.84,4.14,4.35,4.12,4.23,4.30,4.18,4.86,4.68,4.57,4.38,4.53
W92000004,Wales,W06000018,Caerphilly,3.00,3.65,4.63,5.02,5.72,5.61,5.74,4.82,5.12,4.75,4.79,4.68,5.02,4.89,4.95,4.89,4.87,4.94,4.95,5.36,5.80,5.38,5.64,5.43
W92000004,Wales,W06000019,Blaenau Gwent,2.42,2.28,3.18,4.30,4.37,4.51,4.67,4.06,3.89,3.64,3.49,3.32,3.56,3.39,3.48,3.19,3.32,3.82,3.57,3.96,4.45,4.24,3.64,3.97
W92000004,Wales,W06000020,Torfaen,2.95,3.63,4.31,4.44,4.79,5.04,5.60,5.00,4.89,4.98,5.12,5.16,4.85,4.83,4.96,4.68,5.28,5.50,5.56,6.51,5.88,6.00,5.46,5.88
W92000004,Wales,W06000021,Monmouthshire,5.43,5.68,6.88,7.42,7.29,7.33,6.78,6.03,6.97,6.66,6.69,6.53,6.66,6.86,6.59,7.16,7.28,7.27,7.56,8.53,8.12,9.05,8.41,8.33
W92000004,Wales,W06000022,Newport,3.76,4.22,5.29,5.57,5.85,6.17,6.29,5.14,5.30,5.29,5.24,5.45,5.42,5.82,6.10,6.00,5.91,6.18,6.03,7.09,6.57,6.91,6.13,6.55
W92000004,Wales,W06000023,Powys,4.57,5.16,7.26,7.37,7.76,7.90,7.59,7.09,7.26,6.76,7.49,7.35,7.15,6.63,6.56,6.99,6.89,6.68,6.35,7.89,8.35,7.12,6.56,7.25
W92000004,Wales,W06000024,Merthyr Tydfil,2.35,2.52,3.05,3.85,4.27,4.82,4.62,4.25,4.23,3.96,3.86,3.87,4.07,4.08,3.98,3.93,3.90,3.83,4.51,4.60,4.76,4.59,4.31,4.55